78.803,14.291,0.14045,2
78.891,14.995,0.14107,2
78.978,15.699,0.14169,2
79.065,16.403,0.14231,2
79.153,17.106,0.14293,2
79.24,17.81,0.14355,3
79.328,18.514,0.14417,3
79.415,19.218,0.14479,3
79.503,19.922,0.14541,3
79.59,20.626,0.14603,3
79.677,21.33,0.14665,3
79.765,22.034,0.14727,3
79.852,22.738,0.14789,3
79.94,23.442,0.14851,3
80.027,24.145,0.14913,3
80.115,24.849,0.14975,3
80.639,29.073,0.15347,4
80.727,29.777,0.15409,4
80.814,30.481,0.15471,4
80.902,31.184,0.15533,4
80.989,31.888,0.15595,4
81.076,32.592,0.15657,4
81.164,33.296,0.15719,4
81.251,34,0.15781,4
81.339,9,0.15843,4
81.426,20,0.15905,4
81.514,31,0.15967,4
81.601,28,0.16029,4
81.688,25,0.16091,4
81.776,22,0.16153,4
51,14.889,-0.056738,2
71.113,14.778,0.085905,2
66.742,14.667,0.054906,2
62.371,14.556,0.023907,2
58,14.444,-0.0070922,2
58.75,14.333,-0.001773,2
78.181,11.643,0.071269,2
78.113,11.817,0.070703,2
78.044,11.991,0.070137,2
77.976,12.166,0.069571,2
77.908,12.34,0.069005,2
77.84,12.514,0.068439,3
77.772,12.689,0.067873,3
77.704,12.863,0.067307,3
77.636,13.037,0.066741,3
77.567,13.211,0.066175,3
77.499,13.386,0.065609,3
77.431,13.56,0.065043,3
77.363,13.734,0.064477,3
77.295,13.909,0.063911,3
77.227,14.083,0.063345,3
77.159,14.257,0.062779,3
76.75,15.303,0.059382,4
76.681,15.477,0.058816,4
76.613,15.651,0.05825,4
76.545,15.826,0.057684,4
76.477,16,0.057118,4
76.409,24,0.056552,4
76.341,32,0.055986,4
76.273,40,0.05542,4
76.204,48,0.054854,4
76.136,46.994,0.054288,4
76.068,45.988,0.053722,4
70,28.883,0.0033223,2
70.111,27.876,0.0042451,2
70.222,26.87,0.005168,2
70.333,25.864,0.0060908,2
70.444,24.858,0.0070137,2
70.556,23.852,0.0079365,2
80.909,502.35,0.036896,2
76.231,584.28,-0.002253,2
73.25,666.21,-0.027197,2
79.667,748.14,0.026499,2
76.5,830.07,0,2
84.4,912,0.066109,3
86.462,866.9,0.08336,3
87.667,821.8,0.093445,3
83.909,776.7,0.062001,3
88.25,731.6,0.098326,3
90.167,686.5,0.11437,3
88.769,641.4,0.10267,3
89.667,596.3,0.11018,3
90.583,551.2,0.11785,3
91.091,506.1,0.1221,3
85.091,623.8,0.07189,4
95.545,650.93,0.15938,4
96.083,678.07,0.16388,4
95.667,705.2,0.16039,4
96.083,732.33,0.16388,4
95,771.89,0.15481,4
96.5,811.44,0.16736,4
99.417,851,0.19177,4
105.33,890.56,0.24128,4
106.25,930.11,0.24895,4
112.08,969.67,0.29777,4
123.5,691.56,0.39331,2
104.83,749.11,0.2371,2
97,806.67,0.17155,2
92.167,864.22,0.1311,2
94.75,921.78,0.15272,2
77.423,33.32,0.1164,2
77.166,33.64,0.11434,2
76.908,33.96,0.11228,2
76.65,34.28,0.11022,2
76.393,34.6,0.10816,2
76.135,34.92,0.1061,3
75.878,35.24,0.10405,3
75.62,35.56,0.10199,3
75.363,35.88,0.09993,3
75.105,36.2,0.097872,3
74.848,36.52,0.095814,3
74.59,36.84,0.093756,3
74.332,37.16,0.091698,3
74.075,37.48,0.08964,3
73.817,37.8,0.087582,3
73.56,38.12,0.085524,3
71.757,40.36,0.071117,4
71.499,40.68,0.069059,4
71.242,41,0.067001,4
70.984,41.32,0.064943,4
70.727,41.64,0.062885,4
70.469,41.96,0.060826,4
70.212,42.28,0.058768,4
69.954,42.6,0.05671,4
69.696,42.92,0.054652,4
69.439,43.24,0.052594,4
69.181,43.56,0.050536,4
64.545,43.5,0.01349,2
64.288,38,0.011432,2
64.03,32.5,0.009374,2
63.773,27,0.0073159,2
63.515,21.5,0.0052578,2
63.258,16,0.0031997,2
82.441,10.056,0.034145,2
83.239,9.9364,0.040642,2
84.036,9.8171,0.04714,2
84.834,9.6979,0.053637,2
85.632,9.5786,0.060135,2
86.429,9.4593,0.066632,3
87.227,9.34,0.07313,3
88.024,9.2207,0.079627,3
88.822,9.1014,0.086125,3
89.619,8.9821,0.092623,3
90.417,8.8629,0.09912,3
91.215,8.7436,0.10562,3
92.012,8.6243,0.11212,3
92.81,8.505,0.11861,3
93.607,8.3857,0.12511,3
94.405,8.2664,0.13161,3
95.31,7.5507,0.13898,4
95.138,7.4314,0.13758,4
94.966,7.3121,0.13618,4
94.793,7.1929,0.13477,4
94.621,7.0736,0.13337,4
94.448,6.9543,0.13196,4
94.276,6.835,0.13056,4
94.103,6.7157,0.12915,4
93.931,6.5964,0.12775,4
93.759,6.4771,0.12634,4
93.586,6.3579,0.12494,4
93.414,6.2386,0.12353,4
93.241,6.1193,0.12213,4
93.069,6,0.12072,4
92.897,6.1333,0.11932,4
92.724,6.2667,0.11792,4
91.69,7.0667,0.10949,2
91.517,7.2,0.10808,2
91.345,7.3333,0.10668,2
91.172,7.4667,0.10527,2
91,7.6,0.10387,2
88,7.7333,0.07943,2
85,7.8667,0.05499,2
82,8,0.03055,2
79,15.333,0.00611,2
76,22.667,-0.01833,2
76.75,30,-0.01222,2
77.5,28.252,-0.00611,2
78.25,26.504,0,2
79,24.756,0.00611,2
79,23.008,0.00611,2
79,21.26,0.00611,2
76.958,21.59,0.14662,2
76.658,23.394,0.14449,2
76.359,25.197,0.14236,2
76.06,27,0.14024,2
75.761,26.75,0.13811,2
75.462,26.5,0.13598,3
75.163,26.25,0.13386,3
74.864,26,0.13173,3
74.564,25.75,0.1296,3
74.265,25.5,0.12748,3
73.966,25.25,0.12535,3
73.667,25,0.12322,3
73.368,24.75,0.1211,3
73.069,24.5,0.11897,3
72.769,24.25,0.11684,3
72.47,24,0.11472,3
70.675,22.5,0.10196,4
70.376,22.25,0.099831,4
70.077,22,0.097705,4
69.778,25,0.095578,4
69.479,28,0.093451,4
69.18,31,0.091325,4
68.881,34,0.089198,4
68.581,37,0.087071,4
68.282,40,0.084945,4
67.983,43,0.082818,4
67.684,46,0.080691,4
67.385,49,0.078565,4
67.086,52,0.076438,4
66.786,55,0.074311,4
56.5,425.24,0.0011848,2
54,459.26,-0.016588,2
54.778,493.29,-0.011058,2
55.556,527.31,-0.0055292,2
56.333,561.33,0,2
79.641,10.658,0.037127,2
79.938,10.635,0.039502,2
80.235,10.613,0.041877,2
80.531,10.59,0.044252,2
80.828,10.567,0.046627,2
81.125,10.545,0.049002,2
81.422,10.522,0.051377,3
81.719,10.499,0.053752,3
82.016,10.476,0.056127,3
82.313,10.454,0.058502,3
82.61,10.431,0.060877,3
82.906,10.408,0.063251,3
83.203,10.386,0.065626,3
83.5,10.363,0.068001,3
83.797,10.34,0.070376,3
84.094,10.318,0.072751,3
86.172,10.159,0.089376,4
86.469,10.136,0.091751,4
86.766,10.113,0.094126,4
87.063,10.091,0.096501,4
87.359,10.068,0.098876,4
87.656,10.045,0.10125,4
87.953,10.023,0.10363,4
88.25,10,0.106,4
88.547,9,0.10838,4
88.844,8,0.11075,4
89.141,7,0.11313,4
85.333,200.67,0.082667,2
85,248.08,0.08,2
83.429,295.5,0.067429,2
81.857,342.92,0.054857,2
80.286,390.33,0.042286,2
78.714,437.75,0.029714,2
78.066,13.57,0.17165,2
77.969,14.13,0.17092,2
77.872,14.69,0.17019,2
77.775,15.25,0.16946,2
77.678,15.81,0.16873,2
77.581,16.369,0.168,3
77.484,16.929,0.16727,3
77.388,17.489,0.16654,3
77.291,18.049,0.16581,3
77.194,18.608,0.16508,3
77.097,19.168,0.16435,3
77,19.728,0.16362,3
76.974,20.288,0.16342,3
76.947,20.848,0.16322,3
76.921,21.407,0.16302,3
76.895,21.967,0.16282,3
76.737,25.326,0.16163,4
76.711,25.886,0.16144,4
76.684,26.446,0.16124,4
76.658,27.005,0.16104,4
76.632,27.565,0.16084,4
76.605,28.125,0.16064,4
76.579,28.685,0.16044,4
76.553,29.244,0.16025,4
76.526,29.804,0.16005,4
76.5,30.364,0.15985,4
76.474,30.924,0.15965,4
76.447,31.484,0.15945,4
68,30.667,0.095802,2
67,20.333,0.088267,2
66,10,0.080732,2
65,10.051,0.073197,2
64,10.103,0.065662,2
76.505,9.7272,0.15145,2
76.018,9.5184,0.14802,2
75.531,9.3095,0.14459,2
75.044,9.1007,0.14116,2
74.558,8.8918,0.13773,2
74.071,8.683,0.1343,2
73.584,8.4741,0.13087,3
73.097,8.2653,0.12744,3
72.61,8.0565,0.12401,3
72.123,7.8476,0.12058,3
71.636,7.6388,0.11715,3
71.149,7.4299,0.11372,3
70.662,7.2211,0.11029,3
70.175,7.0122,0.10686,3
69.688,6.8034,0.10343,3
69.201,6.5946,0.1,3
68.714,6.3857,0.096575,3
65.792,5.1327,0.075998,4
65.305,4.9238,0.072569,4
64.818,4.715,0.069139,4
64.331,4.5061,0.06571,4
63.844,4.2973,0.06228,4
63.357,4.0884,0.058851,4
62.87,3.8796,0.055422,4
62.383,3.6707,0.051992,4
61.896,3.4619,0.048563,4
61.409,3.2531,0.045133,4
60.922,3.0442,0.041704,4
60.435,2.8354,0.038274,4
64,283.22,0.06338,2
68.5,303.3,0.09507,2
73,323.39,0.12676,2
68.75,343.48,0.096831,2
64.5,363.57,0.066901,2
78.307,4.7353,0.030653,2
78.27,4.9804,0.030346,2
78.234,5.2255,0.030039,2
78.197,5.4706,0.029732,2
78.16,5.7157,0.029425,2
78.124,5.9608,0.029119,3
78.087,6.2059,0.028812,3
78.051,6.451,0.028505,3
78.014,6.6961,0.028198,3
77.977,6.9412,0.027891,3
77.941,7.1863,0.027585,3
77.904,7.4314,0.027278,3
77.868,7.6765,0.026971,3
77.831,7.9216,0.026664,3
77.794,8.1667,0.026357,3
77.758,8.4118,0.026051,3
77.538,9.8824,0.02421,4
77.501,10.127,0.023903,4
77.465,10.373,0.023596,4
77.428,10.618,0.023289,4
77.391,10.863,0.022983,4
77.355,11.108,0.022676,4
77.318,11.353,0.022369,4
77.282,11.598,0.022062,4
77.245,11.843,0.021755,4
77.208,12.088,0.021448,4
77.172,12.333,0.021142,4
77.135,12.578,0.020835,4
76.183,355.11,0.012858,2
76.146,388.97,0.012551,2
76.11,422.83,0.012244,2
76.073,456.69,0.011937,2
76.037,490.56,0.011631,2
76,524.42,0.011324,2
71.055,7.0122,0.1933,2
69.575,6.3857,0.1839,2
68.095,5.7592,0.17449,2
66.615,5.1327,0.16509,2
65.136,4.5061,0.15569,2
63.656,3.8796,0.14628,3
62.176,3.2531,0.13688,3
60.696,2.6265,0.12748,3
59.217,2,0.11807,3
57.737,2.4737,0.10867,3
56.257,2.9474,0.099265,3
54.777,3.4211,0.089862,3
53.298,3.8947,0.080458,3
51.818,4.3684,0.071055,3
50.338,4.8421,0.061651,3
48.858,5.3158,0.052248,3
47.379,5.7895,0.042845,3
38.5,8.6316,-0.013576,4
39.568,9.1053,-0.006788,4
40.636,9.5789,0,4
41.705,10.053,0.006788,4
42.773,10.526,0.013576,4
43.841,11,0.020364,4
44.909,11.474,0.027152,4
45.977,11.947,0.03394,4
47.045,12.421,0.040728,4
48.114,12.895,0.047516,4
49.182,13.368,0.054304,4
50.25,13.842,0.061092,4
51.318,14.316,0.06788,4
63,98.615,0.14211,2
59.5,128.42,0.11987,2
56,158.23,0.097631,2
55,188.04,0.091277,2
54,217.85,0.084922,2
70.696,8,0.038715,2
68.757,4,0.019357,2
66.818,4.0229,0,2
64.879,4.0458,-0.019357,2
62.939,4.0686,-0.038715,2
61,4.0915,-0.058072,2
77,4.1144,0.10164,3
78.5,4.1373,0.11661,3
78.814,4.1601,0.11974,3
79.128,4.183,0.12288,3
79.442,4.2059,0.12601,3
79.756,4.2288,0.12914,3
80.07,4.2516,0.13228,3
80.384,4.2745,0.13541,3
80.698,4.2974,0.13855,3
81.012,4.3203,0.14168,3
81.326,4.3431,0.14481,3
83.523,4.5033,0.16675,4
83.837,4.5261,0.16988,4
84.151,4.549,0.17302,4
84.465,4.5719,0.17615,4
84.779,4.5948,0.17929,4
85.093,4.6176,0.18242,4
85.407,4.6405,0.18555,4
85.721,4.6634,0.18869,4
86.035,4.6863,0.19182,4
86.349,4.7092,0.19496,4
86.663,4.732,0.19809,4
89,4.4,0.22142,2
88,10,0.21144,2
87,8.6667,0.20145,2
86,105.89,0.19147,2
85,203.11,0.18149,2
84,300.33,0.17151,2
95.467,9.7816,0.24762,2
99.72,9.5837,0.28336,2
103.97,9.3857,0.3191,2
108.23,9.1878,0.35485,2
112.48,8.9898,0.39059,2
116.73,8.7918,0.42633,2
120.99,8.5939,0.46207,3
125.24,8.3959,0.49782,3
129.49,8.198,0.53356,3
133.75,8,0.5693,3
138,8.2456,0.60504,3
82,8.4912,0.13445,3
69.667,8.7368,0.030812,3
70.25,8.9825,0.035714,3
70.833,9.2281,0.040616,3
71.417,9.4737,0.045518,3
72,9.7193,0.05042,3
79.714,11.193,0.11525,4
81,11.439,0.12605,4
80.444,11.684,0.12138,4
79.889,11.93,0.11671,4
79.333,12.175,0.11204,4
78.778,12.421,0.10738,4
78.222,12.667,0.10271,4
77.667,12.912,0.098039,4
77.111,13.158,0.093371,4
76.556,13.404,0.088702,4
76,13.649,0.084034,4
65.444,18.316,-0.0046685,2
64.889,18.561,-0.0093371,2
64.333,18.807,-0.014006,2
73.417,19.053,0.062325,2
82.5,19.298,0.13866,2
67.691,10.456,0.201,2
65,10.394,0.18488,2
64.429,10.331,0.18145,2
63.857,10.268,0.17803,2
63.286,10.205,0.1746,2
62.714,10.142,0.17118,3
62.143,10.079,0.16775,3
61.571,10.016,0.16433,3
61,9.9526,0.1609,3
60.429,9.8896,0.15748,3
59.857,9.8266,0.15405,3
59.286,9.7636,0.15063,3
58.714,9.7006,0.1472,3
58.143,9.6377,0.14378,3
57.571,9.5747,0.14035,3
57,9.5117,0.13693,3
62.625,9.1338,0.17064,4
63.562,9.0708,0.17626,4
64.5,9.0078,0.18188,4
81,8.9448,0.28077,4
71.667,8.8818,0.22483,4
62.333,8.8188,0.1689,4
53,8.7558,0.11296,4
72,8.6929,0.22683,4
52,8.6299,0.10696,4
33,8.5669,-0.0069156,4
33.385,8.5039,-0.0046104,4
33.769,8.4409,-0.0023052,4
90.921,29.333,0.34023,2
91.333,28.444,0.34271,2
89.722,27.556,0.33305,2
88.111,26.667,0.3234,2
86.5,25.778,0.31374,2
89.196,11.844,0.24256,2
88.545,12.059,0.2378,2
87.893,12.273,0.23304,2
87.241,12.488,0.22829,2
86.589,12.702,0.22353,2
85.938,12.917,0.21878,3
85.286,13.131,0.21402,3
84.634,13.346,0.20926,3
83.982,13.56,0.20451,3
83.33,13.775,0.19975,3
82.679,13.989,0.195,3
82.027,14.204,0.19024,3
81.375,14.419,0.18548,3
80.723,14.633,0.18073,3
80.071,14.848,0.17597,3
79.42,15.062,0.17122,3
75.509,16.349,0.14268,4
74.857,16.564,0.13792,4
74.205,16.778,0.13317,4
73.554,16.993,0.12841,4
72.902,17.208,0.12366,4
72.25,17.422,0.1189,4
71.598,17.637,0.11414,4
70.946,17.851,0.10939,4
70.295,18.066,0.10463,4
69.643,18.28,0.099876,4
68.991,18.495,0.09512,4
68.339,18.709,0.090364,4
54,52.875,-0.014268,2
73,94.75,0.12437,2
72.556,136.62,0.12114,2
73.038,178.5,0.12465,2
73.519,220.38,0.12816,2
77.158,11.792,0.12077,2
76.835,11.996,0.11836,2
76.511,12.201,0.11594,2
76.187,12.405,0.11353,2
75.863,12.609,0.11111,2
75.54,12.813,0.1087,3
75.216,13.017,0.10628,3
74.892,13.221,0.10387,3
74.568,13.425,0.10145,3
74.245,13.63,0.099035,3
73.921,13.834,0.096619,3
73.597,14.038,0.094204,3
73.273,14.242,0.091788,3
72.95,14.446,0.089373,3
72.626,14.65,0.086957,3
72.302,14.855,0.084542,3
70.036,16.284,0.067633,4
69.712,16.488,0.065218,4
69.389,16.692,0.062802,4
69.065,16.896,0.060387,4
68.741,17.1,0.057971,4
68.417,17.304,0.055556,4
68.094,17.509,0.053141,4
67.77,17.713,0.050725,4
67.446,17.917,0.04831,4
67.122,18.121,0.045894,4
66.799,18.325,0.043479,4
66.475,18.529,0.041063,4
60.647,8,-0.0024155,2
60.324,10.714,-0.004831,2
60,13.429,-0.0072464,2
61.808,16.143,0.0062425,2
63.616,18.857,0.019731,2
64.808,21.571,0.028626,2
78.458,12.923,9.0034e-06,2
78.459,13.354,1.8007e-05,2
78.46,13.784,2.701e-05,2
78.461,14.215,3.6013e-05,2
78.462,14.645,4.5017e-05,2
78.463,15.075,5.402e-05,3
78.464,15.506,6.3024e-05,3
78.465,15.936,7.2027e-05,3
78.466,16.367,8.103e-05,3
78.467,16.797,9.0034e-05,3
78.468,17.227,9.9037e-05,3
78.469,17.658,0.00010804,3
78.47,18.088,0.00011704,3
78.472,18.519,0.00012605,3
78.473,18.949,0.00013505,3
78.474,19.379,0.00014405,3
78.48,21.962,0.00019807,4
78.481,22.392,0.00020708,4
78.482,22.822,0.00021608,4
78.483,23.253,0.00022508,4
78.484,23.683,0.00023409,4
78.485,24.114,0.00024309,4
78.486,24.544,0.00025209,4
78.488,24.974,0.0002611,4
78.489,25.405,0.0002701,4
78.49,25.835,0.0002791,4
78.491,26.266,0.00028811,4
78.492,26.696,0.00029711,4
78.512,70.909,0.00046817,2
78.513,90.864,0.00047718,2
78.514,110.82,0.00048618,2
78.515,130.77,0.00049518,2
78.516,150.73,0.00050419,2
79.194,10.042,0.0035184,2
79.379,9.8962,0.0052776,2
79.564,9.7504,0.0070369,2
79.749,9.6045,0.0087961,2
79.934,9.4586,0.010555,2
80.119,9.3128,0.012315,3
80.304,9.1669,0.014074,3
80.489,9.0211,0.015833,3
80.674,8.8752,0.017592,3
80.859,8.7293,0.019351,3
81.044,8.5835,0.021111,3
81.229,8.4376,0.02287,3
81.414,8.2917,0.024629,3
81.599,8.1459,0.026388,3
81.784,8,0.028147,3
81.969,8.4138,0.029907,3
83.079,10.897,0.040462,4
83.264,11.31,0.042221,4
83.449,11.724,0.04398,4
83.634,12.138,0.04574,4
83.819,12.552,0.047499,4
84.004,12.966,0.049258,4
84.189,13.379,0.051017,4
84.374,13.793,0.052776,4
84.559,14.207,0.054536,4
84.744,14.621,0.056295,4
84.929,15.034,0.058054,4
88.445,10,0.091479,2
88.63,8,0.093238,2
88.815,6,0.094998,2
89,7,0.096757,2
88.25,8,0.089626,2
135.2,1328.5,0.53568,2
146.6,943,0.61492,2
158,557.5,0.69416,2
169.83,172,0.77641,2
169.75,175,0.77583,2
173.08,173,0.799,2
177,790,0.82623,3
177.92,594.33,0.8326,3
178,398.67,0.83318,3
179.42,203,0.84302,3
177.83,197.89,0.83202,3
157.55,192.77,0.691,3
142,187.66,0.58294,3
139.79,182.54,0.56761,3
137.59,177.43,0.55228,3
135.38,172.31,0.53695,3
119.94,136.51,0.42961,4
117.74,131.4,0.41428,4
115.53,126.29,0.39895,4
113.32,121.17,0.38362,4
111.12,116.06,0.36828,4
108.91,110.94,0.35295,4
106.71,105.83,0.33762,4
104.5,100.71,0.32228,4
102.29,95.6,0.30695,4
100.09,90.486,0.29162,4
97.882,85.371,0.27629,4
95.676,80.257,0.26095,4
67.333,11,0.063942,2
69,17.5,0.075526,2
65.734,24,0.052824,2
62.468,59.458,0.030121,2
59.202,94.917,0.0074178,2
81.986,11.164,0.023306,2
82.869,11.243,0.030806,2
83.752,11.321,0.038305,2
84.636,11.4,0.045805,2
85.519,11.479,0.053305,2
86.402,11.557,0.060805,3
87.285,11.636,0.068305,3
88.168,11.714,0.075805,3
89.051,11.793,0.083305,3
89.935,11.871,0.090804,3
90.818,11.95,0.098304,3
91.701,12.029,0.1058,3
92.584,12.107,0.1133,3
93.467,12.186,0.1208,3
94.35,12.264,0.1283,3
95.234,12.343,0.1358,3
95.579,16.812,0.13874,4
95.224,17.891,0.13572,4
94.869,18.969,0.13271,4
94.514,20.047,0.12969,4
94.159,21.125,0.12667,4
93.803,22.203,0.12366,4
93.448,23.281,0.12064,4
93.093,24.359,0.11763,4
92.738,25.438,0.11461,4
92.383,26.516,0.11159,4
92.028,27.594,0.10858,4
91.672,28.672,0.10556,4
84.924,87.438,0.048257,2
84.569,133.88,0.045241,2
84.214,180.31,0.042225,2
83.859,226.75,0.039209,2
83.504,273.19,0.036193,2
100.57,502.2,0.036443,2
99.857,582.9,0.029155,2
99.143,663.6,0.021866,2
98.429,744.3,0.014577,2
97.714,825,0.0072886,2
97,66,0,3
97.667,92,0.0068027,3
98.333,94,0.013605,3
99,100,0.020408,3
99.667,58,0.027211,3
100.33,91,0.034014,3
101,90,0.040816,3
101.67,95,0.047619,3
102.33,92,0.054422,3
103,288.5,0.061224,3
103.67,46.5,0.068027,3
106.25,102,0.094388,4
111.5,104,0.14796,4
116.75,109,0.20153,4
122,532,0.2551,4
123.67,107,0.27211,4
125.33,108,0.28912,4
127,107,0.30612,4
126,109,0.29592,4
125,104,0.28571,4
124,98,0.27551,4
121,99,0.2449,4
118.85,23,0.22293,2
119.76,51.4,0.23229,2
120.68,79.8,0.24166,2
121.6,108.2,0.25102,2
125.39,136.6,0.28968,2
70,498.39,0.03252,2
71.2,595.91,0.042276,2
72.4,693.43,0.052033,2
73.6,790.95,0.061789,2
74.8,888.48,0.071545,2
76,986,0.081301,3
75.4,103,0.076423,3
74.8,96,0.071545,3
74.2,98,0.066667,3
73.6,98,0.061789,3
73,98,0.056911,3
72.4,96,0.052033,3
71.8,94,0.047154,3
71.2,96,0.042276,3
70.6,92,0.037398,3
68,419.3,0.01626,4
68,426.1,0.01626,4
68,432.9,0.01626,4
68,439.7,0.01626,4
68,103,0.01626,4
68,104,0.01626,4
68,95,0.01626,4
68,95,0.01626,4
111.2,325,0.36748,2
81,580,0.12195,2
91.75,835,0.20935,2
102.5,1090,0.29675,2
113.25,1345,0.38415,2
74.6,265.77,0.031858,2
76.4,316.73,0.047788,2
78.2,367.68,0.063717,2
80,418.64,0.079646,2
83.5,469.59,0.11062,2
87,520.55,0.14159,2
90.5,571.5,0.17257,3
94,84,0.20354,3
97.5,84,0.23451,3
101,90,0.26549,3
100.5,88,0.26106,3
100,87,0.25664,3
99.75,88,0.25442,3
99.5,55,0.25221,3
99.25,382,0.25,3
99,418,0.24779,3
87.8,226.5,0.14867,4
93.4,181,0.19823,4
99,135.5,0.24779,4
100.67,90,0.26254,4
102.33,88,0.27729,4
104,397,0.29204,4
104,89,0.29204,4
104,90,0.29204,4
105.33,88,0.30383,4
106.67,87,0.31563,4
108,91,0.32743,4
96.667,474,0.22714,4
91,71.875,0.17699,2
63,69.75,-0.070796,2
71,67.625,0,2
79,65.5,0.070796,2
87,63.375,0.14159,2
95,61.25,0.21239,2
103,59.125,0.28319,2
71.429,244.97,0.10921,2
75.571,291.81,0.14229,2
79.714,338.64,0.17536,2
83.857,385.48,0.20844,2
88,432.32,0.24152,2
66,479.16,0.065868,3
69.5,526,0.093812,3
73,93,0.12176,3
76.5,96,0.1497,3
80,92,0.17764,3
77.5,79,0.15768,3
75,79,0.13772,3
75.5,85,0.14172,3
76,91,0.14571,3
74.333,92,0.1324,3
72.667,90,0.1191,3
75.2,139,0.13932,4
80.6,115,0.18244,4
86,990,0.22555,4
85.667,888,0.22289,4
85.333,786,0.22023,4
85,684,0.21756,4
85.5,684.17,0.22156,4
86,684.33,0.22555,4
85,684.5,0.21756,4
84,684.67,0.20958,4
75,684.83,0.13772,4
77.333,5,0.15635,2
67,33.2,0.073852,2
66.333,61.4,0.06853,2
65.667,89.6,0.063207,2
65,117.8,0.057884,2
81,146,0.18563,2
79.762,496,0.0061951,2
80.41,593,0.01146,2
81.057,690,0.016725,2
81.705,787,0.02199,2
82.352,884,0.027255,2
83,981,0.03252,3
85.125,91,0.049797,3
87.25,81,0.067073,3
89.375,89,0.08435,3
91.5,92,0.10163,3
93.625,86,0.1189,3
95.75,89,0.13618,3
97.875,79,0.15346,3
100,87,0.17073,3
99.667,86,0.16802,3
99.333,273,0.16531,3
87,86,0.065041,4
90.333,97,0.092141,4
93.667,98,0.11924,4
97,101,0.14634,4
95.455,439,0.13378,4
93.909,258,0.12121,4
92.364,77,0.10865,4
90.818,99,0.096083,4
89.273,85,0.083518,4
87.727,95,0.070953,4
86.182,73.5,0.058389,4
84.636,77,0.045824,4
153.62,550.71,0.60663,2
119.75,484.43,0.3313,2
104.45,418.14,0.20695,2
103.33,351.86,0.19783,2
96.857,285.57,0.14518,2
78.33,4,0.11253,2
78.299,4.4,0.11229,2
78.268,4.8,0.11205,2
78.237,5.2,0.1118,2
78.206,5.6,0.11156,2
78.175,6,0.11132,2
78.144,6.4,0.11108,2
78.113,6.8,0.11084,2
78.082,7.2,0.1106,2
78.051,7.6,0.11036,2
78.02,8,0.11011,2
77.99,109.4,0.10987,2
77.959,210.8,0.10963,2
77.928,312.2,0.10939,2
77.897,413.6,0.10915,3
77.866,515,0.10891,3
77.835,79,0.10867,3
77.804,745,0.10842,3
77.773,657,0.10818,3
77.742,569,0.10794,3
77.711,481,0.1077,3
77.68,393,0.10746,3
77.649,305,0.10722,3
77.618,217,0.10698,3
77.588,129,0.10673,3
77.371,517.5,0.10504,4
77.34,59,0.1048,4
77.309,79.5,0.10456,4
77.278,100,0.10432,4
77.247,392.5,0.10408,4
77.216,367.25,0.10384,4
77.186,342,0.1036,4
77.155,316.75,0.10335,4
77.124,291.5,0.10311,4
77.093,266.25,0.10287,4
77.062,241,0.10263,4
77.031,223.5,0.10239,4
77,206,0.10215,4
76.667,32,0.099545,2
73.333,47.833,0.07352,2
70,63.667,0.047495,2
66.667,79.5,0.02147,2
63.333,95.333,-0.0045543,2
59.333,60.534,0.02968,2
61.417,70.487,0.04395,2
63.5,80.44,0.058219,2
65.583,90.392,0.072489,2
67.667,100.34,0.086758,2
69.75,110.3,0.10103,2
71.833,120.25,0.1153,3
73.917,3.9565,0.12957,3
76,3.9167,0.14384,3
76.667,3.8696,0.1484,3
83.833,3.9167,0.19749,3
91,4,0.24658,3
89.667,3.9565,0.23744,3
88.333,3.9583,0.22831,3
87,3.913,0.21918,3
85.667,3.8696,0.21005,3
66.5,4.4444,0.078767,4
75.25,4.1304,0.1387,4
84,4,0.19863,4
83.25,3.8696,0.19349,4
85.5,77.5,0.2089,4
83.467,4.0417,0.19498,4
81.433,4.1739,0.18105,4
79.4,4.1739,0.16712,4
77.367,4.125,0.1532,4
75.333,4.1304,0.13927,4
73.3,4.1304,0.12534,4
71.267,4.0833,0.11142,4
69.233,4.1304,0.097489,4
67.2,4.1304,0.083562,4
65.167,39.815,0.069635,4
128.5,5,0.50342,2
98,101.6,0.29452,2
103.85,198.2,0.33459,2
109.7,294.8,0.37466,2
115.55,391.4,0.41473,2
79,281.56,0.049689,2
80,335.71,0.059006,2
81,389.87,0.068323,2
82,444.03,0.07764,2
83,498.19,0.086957,2
84,552.34,0.096273,2
83.385,606.5,0.09054,3
82.769,107,0.084806,3
82.154,107,0.079073,3
81.538,108,0.07334,3
80.923,97,0.067606,3
80.308,108,0.061873,3
79.692,93,0.05614,3
79.077,108,0.050406,3
78.462,105,0.044673,3
77.846,111,0.038939,3
77.231,243,0.033206,3
79.5,107,0.054348,4
84,106,0.096273,4
88.5,99,0.1382,4
93,475,0.18012,4
97.5,105,0.22205,4
102,110,0.26398,4
106.5,104,0.3059,4
111,92,0.34783,4
111,99,0.34783,4
111,259,0.34783,4
111,386.75,0.34783,4
135.17,356.67,0.57298,2
94.846,599.33,0.19732,2
93.083,842,0.1809,2
94,1084.7,0.18944,2
91,1327.3,0.16149,2
57.333,276.78,0.04955,2
59,329.99,0.060811,2
60.667,383.19,0.072072,2
62.333,436.39,0.083333,2
64,489.59,0.094595,2
63.923,542.8,0.094075,2
63.846,596,0.093555,3
63.769,100,0.093035,3
63.692,101,0.092516,3
63.615,102,0.091996,3
63.538,101,0.091476,3
63.462,104,0.090956,3
63.385,97,0.090437,3
63.308,103,0.089917,3
63.231,90,0.089397,3
63.154,103,0.088877,3
50,1010,0,4
50,85,0,4
84,544,0.22973,2
78.6,476,0.19324,2
67.917,408,0.12106,2
66.958,340,0.11458,2
66,272,0.10811,2
82.138,16,0.035475,2
83.06,213,0.045364,2
83.981,410,0.055252,2
84.902,607,0.065141,2
85.824,804,0.075029,2
86.745,1001,0.084917,2
87.666,1198,0.094806,3
88.587,124,0.10469,3
89.509,120,0.11458,3
90.43,118,0.12447,3
91.351,115,0.13436,3
92.272,118,0.14425,3
93.194,79,0.15414,3
94.115,118,0.16402,3
95.036,113,0.17391,3
95.957,120,0.1838,3
96.879,311,0.19369,3
82.5,69,0.039356,4
84.96,112,0.065756,4
87.419,110,0.092156,4
89.879,115,0.11856,4
92.338,615,0.14496,4
94.798,116,0.17136,4
97.258,119,0.19776,4
99.717,707,0.22416,4
102.18,707.12,0.25056,4
104.64,707.25,0.27696,4
107.1,707.38,0.30336,4
109.56,707.5,0.32976,4
109.23,707.62,0.32627,4
129.33,69,0.54204,2
118.75,215.42,0.42844,2
102.25,361.83,0.25134,2
97.7,508.25,0.2025,2
104.69,654.67,0.27754,2
111.68,801.08,0.35258,2
73.824,5.7182,-0.018688,2
72.667,6.1818,-0.028032,2
91.333,6.6455,0.12267,2
91.381,7.1091,0.12306,2
91.429,7.5727,0.12344,2
91.476,8.0364,0.12383,2
91.524,8.5,0.12421,3
91.571,16.579,0.1246,3
91.619,3.9091,0.12498,3
91.667,6,0.12537,3
91.714,3,0.12575,3
91.762,3.1,0.12613,3
91.81,3.2,0.12652,3
91.857,2.9833,0.1269,3
91.905,2.7667,0.12729,3
91.952,2.55,0.12767,3
85.067,80.583,0.07208,4
86.533,3.8696,0.083922,4
88,3.9167,0.095763,4
110.17,3.8261,0.27473,4
109.81,3.7917,0.27181,4
109.44,3.7826,0.2689,4
109.08,3.6957,0.26598,4
108.72,3.7917,0.26306,4
108.36,3.8261,0.26015,4
108,3.8696,0.25723,4
109.75,36.885,0.27136,4
100.6,4.25,0.19749,2
93,77.629,0.13613,2
109.86,151.01,0.27223,2
117.26,224.39,0.33198,2
124.66,297.76,0.39174,2
82.671,178.83,0.036805,2
83.725,212.44,0.04618,2
84.779,246.05,0.055554,2
85.834,279.66,0.064929,2
86.888,313.28,0.074303,2
87.942,346.89,0.083678,3
88.997,380.5,0.093052,3
90.051,47,0.10243,3
91.105,56,0.1118,3
92.16,55,0.12118,3
93.214,70,0.13055,3
94.268,35,0.13992,3
95.323,76,0.1493,3
96.377,55,0.15867,3
97.431,60,0.16805,3
98.486,62,0.17742,3
105.87,101,0.24304,4
106.92,105,0.25242,4
107.97,107,0.26179,4
109.03,103,0.27117,4
110.08,456.5,0.28054,4
111.14,102,0.28992,4
112.19,106,0.29929,4
113.25,104,0.30867,4
114.3,106,0.31804,4
115.36,106,0.32741,4
116.41,105,0.33679,4
140.45,63,0.55058,2
116.58,49.25,0.33833,2
101.54,35.5,0.20456,2
97.273,21.75,0.16664,2
85.182,8,0.059132,2
73.091,76.5,-0.048373,2
69.4,237.92,-0.0016611,2
69.6,283.35,0,2
69.8,328.78,0.0016611,2
70,374.21,0.0033223,2
72.182,419.64,0.021444,2
74.364,465.07,0.039565,2
76.545,510.5,0.057687,3
78.727,75,0.075808,3
80.909,79,0.093929,3
83.091,85,0.11205,3
85.273,78,0.13017,3
87.455,82,0.14829,3
89.636,86,0.16641,3
91.818,82,0.18454,3
94,79,0.20266,3
94.5,77,0.20681,3
75,89,0.04485,4
80,705,0.086379,4
85,752,0.12791,4
90,799,0.16944,4
95,846,0.21096,4
100,659.25,0.25249,4
105,472.5,0.29402,4
110,285.75,0.33555,4
104.83,99,0.29264,4
99.667,95,0.24972,4
94.5,95,0.20681,4
94,13,0.20266,2
92,40,0.18605,2
90,67,0.16944,2
89.181,94,0.16263,2
88.362,121,0.15583,2
84.802,545,0.20002,2
86.389,437.1,0.21606,2
87.977,329.2,0.23209,2
89.564,221.3,0.24812,2
91.151,113.4,0.26415,2
92.738,5.5,0.28019,3
94.326,5.4,0.29622,3
95.913,5.1739,0.31225,3
97.5,5.125,0.32828,3
89.667,5.0833,0.24916,3
81.833,59.296,0.17003,3
81.75,5.125,0.16919,3
79.357,5.2174,0.14502,3
76.964,5.2174,0.12085,3
74.571,4.8696,0.096681,3
72.179,5.1739,0.072511,3
65,70.232,0,4
65,83.333,0,4
65,4.9091,0,4
65,5.1739,0,4
65,5,0,4
65,4.875,0,4
75.5,4.8333,0.10606,4
86,4.8261,0.21212,4
121,5.1,0.56566,4
113.95,4.7083,0.49444,4
106.9,4.9583,0.42323,4
99.85,50.269,0.35202,4
84.333,5.5,0.19529,2
81.022,9.5,0.16184,2
77.711,13.5,0.1284,2
74.4,13.25,0.094949,2
114.1,13,0.49596,2
64.867,33.698,0,2
66.711,38.284,0.014859,2
68.556,42.869,0.029717,2
70.4,47.454,0.044576,2
72.244,52.04,0.059434,2
74.089,56.625,0.074293,3
75.933,61.211,0.089151,3
77.778,4.5217,0.10401,3
79.622,4.4348,0.11887,3
81.467,4.5,0.13373,3
83.311,4.5217,0.14859,3
85.156,4.4348,0.16344,3
87,4.5,0.1783,3
86.85,4.4783,0.17709,3
86.7,4.5217,0.17589,3
86.55,4.4583,0.17468,3
85.5,4.6316,0.16622,4
85.35,4.5217,0.16501,4
85.2,4.5417,0.1638,4
85.05,4.5217,0.16259,4
84.9,36.875,0.16139,4
84.75,4.4583,0.16018,4
86,4.3913,0.17025,4
87.25,4.3478,0.18032,4
88.5,4.5,0.19039,4
89.75,4.5217,0.20046,4
91,4.5217,0.21053,4
106,4,0.33136,2
83.333,4.5818,0.14876,2
81.75,5.1636,0.13601,2
86.917,5.7455,0.17763,2
82.222,6.3273,0.13981,2
76.333,28,0.036723,2
78.667,111.58,0.056497,2
81,195.17,0.076271,2
83.333,278.75,0.096045,2
85.667,362.33,0.11582,2
88,445.92,0.13559,2
91.5,529.5,0.16525,3
95,93,0.19492,3
98.5,92,0.22458,3
102,95,0.25424,3
102.14,96,0.25545,3
102.29,92,0.25666,3
102.43,100,0.25787,3
102.57,84,0.25908,3
102.71,94,0.26029,3
102.86,97,0.2615,3
70,835.58,-0.016949,4
79,954,0.059322,4
88,894.5,0.13559,4
97,835,0.21186,4
95.222,775.5,0.1968,4
93.444,716,0.18173,4
91.667,608.58,0.16667,4
89.889,501.17,0.1516,4
88.111,393.75,0.13653,4
86.333,286.33,0.12147,4
84.556,178.92,0.1064,4
82.778,71.5,0.091337,4
121.4,535.5,0.41864,2
109.42,473.25,0.31709,2
93.077,411,0.17862,2
97.182,348.75,0.21341,2
89.417,286.5,0.1476,2
71,224.25,-0.0084746,2
62.5,449.94,0.044429,2
65.25,523.14,0.063822,2
68,596.33,0.083216,2
66,669.53,0.069111,2
64,742.72,0.055007,2
62,815.92,0.040903,2
60,889.11,0.026798,2
58,962.31,0.012694,3
58.333,1035.5,0.015045,3
58.667,957.35,0.017395,3
59,879.2,0.019746,3
59.333,801.05,0.022097,3
59.667,722.9,0.024448,3
60,644.75,0.026798,3
60.333,566.6,0.029149,3
60.667,488.45,0.0315,3
61,410.3,0.03385,3
61.333,332.15,0.036201,3
56.067,846,-0.00094029,4
56.133,846.8,-0.00047015,4
56.2,847.6,0,4
56.267,848.4,0.00047015,4
56.333,849.2,0.00094029,4
56.4,850,0.0014104,4
56.467,663.75,0.0018806,4
56.533,477.5,0.0023507,4
56.6,291.25,0.0028209,4
56.667,105,0.003291,4
56.733,111,0.0037612,4
56.8,100,0.0042313,4
56.867,30,0.0047015,4
96.75,737,0.28597,2
78.833,623.6,0.15961,2
76.833,510.2,0.14551,2
78.25,396.8,0.1555,2
82,283.4,0.18195,2
75.693,312.01,-0.011416,2
74.347,372.26,-0.022831,2
73,432.51,-0.034247,2
79.333,492.76,0.019444,2
85.667,553,0.073134,2
92,613.25,0.12682,3
98.333,673.5,0.18051,3
104.67,124,0.23421,3
111,126,0.2879,3
117.33,124,0.34159,3
123.67,124,0.39528,3
130,120,0.44897,3
136.33,118,0.50266,3
142.67,121,0.55635,3
149,123,0.61004,3
136.5,121,0.50407,3
106,123.92,0.24551,4
110,97,0.27942,4
114,105,0.31333,4
118,105,0.34724,4
119,106,0.35572,4
120,468.5,0.36419,4
121,103,0.37267,4
121.5,105,0.37691,4
122,103,0.38115,4
117.33,103,0.34159,4
112.67,105,0.30202,4
108,102,0.26246,4
103.33,104,0.2229,4
148,284,0.60156,2
118.33,469,0.35006,2
106.42,654,0.24904,2
103.75,839,0.22643,2
85,1024,0.067482,2
92.333,287.24,0.1185,2
93,342.53,0.12423,2
92.75,397.83,0.12208,2
92.5,453.12,0.11994,2
92.25,508.41,0.11779,2
92,563.71,0.11564,3
97.5,619,0.16287,3
103,86,0.21009,3
108.5,98,0.25731,3
114,91,0.30453,3
114.71,93,0.31067,3
115.43,109,0.3168,3
116.14,109,0.32293,3
116.86,104,0.32907,3
117.57,98,0.3352,3
118.29,95,0.34133,3
99.333,948.33,0.17861,4
104.67,1031,0.2244,4
110,973.25,0.27019,4
109.67,915.5,0.26733,4
109.33,857.75,0.26447,4
109,800,0.2616,4
106.57,679.33,0.24075,4
104.14,558.67,0.2199,4
101.71,438,0.19905,4
99.286,317.33,0.1782,4
96.857,196.67,0.15735,4
131,630.14,0.4505,2
117.54,557.29,0.33492,2
99.364,484.43,0.17887,2
99.583,411.57,0.18075,2
97.385,338.71,0.16187,2
102.25,265.86,0.20365,2
74.151,47.57,-0.00898,2
73.076,55.884,-0.01796,2
72,64.198,-0.02694,2
82.5,72.512,0.060726,2
88.25,80.826,0.10873,2
94,89.14,0.15674,2
92.333,97.455,0.14283,3
90.667,4.2609,0.12891,3
89,4.1667,0.11499,3
97.333,4.1364,0.18457,3
98.142,4.2174,0.19132,3
98.95,4.2174,0.19807,3
99.758,4.2083,0.20482,3
100.57,4.2174,0.21157,3
101.38,3.9583,0.21831,3
94.05,4,0.15716,3
94.373,5.8,0.15986,4
97.279,4.4348,0.18412,4
100.19,4.4348,0.20838,4
103.09,4.4167,0.23264,4
108,37.083,0.27363,4
107.71,4.4348,0.27124,4
107.43,4.5833,0.26886,4
107.14,4.0476,0.26647,4
106.86,4.4783,0.26409,4
106.57,4.2917,0.2617,4
106.29,4.4348,0.25932,4
125.15,4.6,0.41685,2
99.75,4.8778,0.20475,2
92.091,5.1556,0.1408,2
96.455,5.4333,0.17723,2
96.714,5.7111,0.1794,2
89.333,5.6667,0.012461,2
90,7,0.018692,2
91.25,69.8,0.030374,2
92.5,132.6,0.042056,2
93.75,195.4,0.053738,2
95,258.2,0.065421,2
96.25,321,0.077103,3
97.5,4.2,0.088785,3
98.75,6,0.10047,3
100,4.6667,0.11215,3
101.25,4.619,0.12383,3
102.5,4.5714,0.13551,3
103.75,5,0.1472,3
105,5.25,0.15888,3
103.33,5.5,0.1433,3
101.67,3.5,0.12773,3
90,45.714,0.018692,4
93.722,4.6667,0.053479,4
97.444,4.7826,0.088266,4
101.17,3.8696,0.12305,4
104.89,54.636,0.15784,4
106.6,29.793,0.17383,4
113,4.95,0.23364,4
111.17,4.35,0.21651,4
109.33,3.9167,0.19938,4
107.5,4.3913,0.18224,4
114.08,4.4167,0.24377,4
111.25,4.7368,0.21729,4
138.17,4.8667,0.46885,2
113.4,46.889,0.23738,2
106.49,88.911,0.17279,2
99.578,130.93,0.1082,2
92.667,172.96,0.043614,2
107.11,214.98,0.17861,2
58.812,134.51,-0.018462,2
59.875,159.26,-0.0088163,2
60.938,184.01,0.00082926,2
62,208.75,0.010475,2
64.25,233.5,0.030901,2
66.5,258.25,0.051327,3
68.75,4.3478,0.071753,3
71,4.3043,0.092179,3
73.25,4.1818,0.1126,3
75.5,4.25,0.13303,3
77.75,3.913,0.15346,3
80,4,0.17388,3
82.25,4.6364,0.19431,3
84.5,4.2174,0.21473,3
86.75,3.8261,0.23516,3
89,42.37,0.25559,3
102.5,5.6,0.37814,4
104.75,5.1304,0.39857,4
107,5.0435,0.41899,4
110,4.875,0.44623,4
97,66.444,0.32821,4
79.917,4.7917,0.17313,4
82.5,5,0.19658,4
79.778,4.8636,0.17187,4
77.056,4.9583,0.14715,4
74.333,4.9565,0.12244,4
71.611,4.913,0.097727,4
98,4.4,0.33729,2
94,4.4,0.30098,2
90,4.4,0.26466,2
86,4.4,0.22835,2
82,6.2,0.19204,2
84.818,51.406,0.14624,2
86.409,59.532,0.16008,2
88,67.659,0.17391,2
85,75.786,0.14783,2
82,83.913,0.12174,2
82.333,92.04,0.12464,3
82.667,100.17,0.12754,3
83,3.9444,0.13043,3
83.333,4,0.13333,3
83.667,5.6667,0.13623,3
84,5.4,0.13913,3
84.333,4.0833,0.14203,3
84.667,4.0833,0.14493,3
85,3.6667,0.14783,3
85.333,3.6667,0.15072,3
85.667,3.6667,0.15362,3
77.333,1110,0.081159,4
75,4.6316,0.06087,4
72.667,4.8333,0.04058,4
70.333,8,0.02029,4
68,4.3636,0,4
65.667,4.9524,-0.02029,4
63.333,4.9167,-0.04058,4
61,4.8261,-0.06087,4
77.333,4.7083,0.081159,4
109,4.7917,0.35652,4
110.75,27.36,0.37174,4
115.53,5.5789,0.41332,2
111.83,3.2143,0.38111,2
108.12,4,0.34891,2
116.78,26.75,0.42417,2
125.44,49.5,0.49943,2
134.09,72.25,0.5747,2
89.2,79.603,0.04771,2
89,93.369,0.045802,2
86.167,107.14,0.018766,2
83.333,120.9,-0.0082697,2
84.2,134.67,0,2
85.067,148.43,0.0082697,2
85.933,162.2,0.016539,3
86.8,3.6667,0.024809,3
87.667,6.1429,0.033079,3
88.533,4.25,0.041349,3
89.4,6.4,0.049618,3
90.267,4.2857,0.057888,3
91.133,3.7143,0.066158,3
92,3.2857,0.074427,3
92.867,3.6,0.082697,3
93.733,3.75,0.090967,3
94.6,47.5,0.099237,3
93.662,4.2857,0.090289,4
96.494,4.4,0.1173,4
99.325,4.4583,0.14432,4
102.16,4.6087,0.17133,4
104.99,40.609,0.19835,4
107.82,4.3333,0.22536,4
109,4.5417,0.23664,4
109.6,4.6087,0.24237,4
110.2,4.5217,0.24809,4
110.8,4.1667,0.25382,4
111.4,4.3478,0.25954,4
112,4.3043,0.26527,4
117,5.087,0.31298,2
111,5.3364,0.25573,2
105,5.5857,0.19847,2
114.12,5.8351,0.28554,2
123.25,6.0845,0.37261,2
63.4,476.71,0.026772,2
61.8,554.37,0.014173,2
60.2,632.03,0.0015748,2
58.6,709.69,-0.011024,2
57,787.34,-0.023622,2
58.917,865,-0.0085302,3
60.833,74.5,0.0065617,3
62.75,89.75,0.021654,3
64.667,105,0.036745,3
66.583,90,0.051837,3
68.5,74,0.066929,3
70.417,56,0.082021,3
72.333,92,0.097113,3
74.25,83,0.1122,3
76.167,85,0.1273,3
78.083,299,0.14239,3
60,131,0,4
60.154,119,0.0012114,4
60.308,119,0.0024228,4
60.462,116,0.0036342,4
60.615,478.5,0.0048455,4
60.769,112,0.0060569,4
60.923,108,0.0072683,4
61.077,110,0.0084797,4
61.231,506,0.0096911,4
61.385,537.45,0.010902,4
61.538,568.9,0.012114,4
61.692,600.35,0.013325,4
138.38,2,0.6172,2
108.36,29.833,0.38082,2
99.077,57.667,0.30769,2
96.857,85.5,0.29021,2
64,113.33,0.031496,2
74,141.17,0.11024,2
66.75,255.42,0.0060976,2
67,304.35,0.0081301,2
69.857,353.28,0.031359,2
72.714,402.21,0.054588,2
75.571,451.14,0.077816,2
78.429,500.07,0.10105,3
81.286,549,0.12427,3
84.143,96,0.1475,3
87,98,0.17073,3
88,93,0.17886,3
89,95,0.18699,3
90,98,0.19512,3
88.667,96,0.18428,3
87.333,99,0.17344,3
86,107,0.1626,3
81.25,491,0.12398,3
68,278.78,0.01626,4
79,236.33,0.10569,4
90,193.89,0.19512,4
91,151.44,0.20325,4
92,109,0.21138,4
93,422.5,0.21951,4
91,546,0.20325,4
89,560.05,0.18699,4
88.667,574.09,0.18428,4
88.333,588.14,0.18157,4
88,602.18,0.17886,4
114.08,84,0.39087,2
104.45,63.75,0.31264,2
94,43.5,0.22764,2
85.25,23.25,0.1565,2
85.455,3,0.15817,2
82,131.67,0.13008,2
78,260.33,0.097561,2
76.5,389,0.085366,2
75,517.67,0.073171,2
80.583,646.33,0.11856,2
83.542,279.04,0.047505,2
84.814,331.25,0.059566,2
86.086,383.46,0.071627,2
87.358,435.67,0.083688,2
88.63,487.88,0.095749,2
89.902,540.08,0.10781,2
91.174,592.29,0.11987,3
92.446,644.5,0.13193,3
93.718,118,0.14399,3
94.99,115,0.15605,3
96.262,114,0.16812,3
97.534,114,0.18018,3
98.806,61.5,0.19224,3
100.08,88,0.2043,3
101.35,117,0.21636,3
102.62,106,0.22842,3
103.89,115,0.24048,3
78.833,129.33,0.0028637,4
107,105,0.26993,4
108.46,100,0.28374,4
109.91,104,0.29756,4
111.37,72,0.31138,4
112.83,394.67,0.3252,4
114.29,109,0.33902,4
115.74,115,0.35283,4
117.2,114,0.36665,4
118.66,111,0.38047,4
120.12,112,0.39429,4
121.57,112,0.40811,4
123.03,78,0.42193,4
153,5,0.70607,2
118.25,154.17,0.37659,2
111.08,303.33,0.30864,2
100.22,452.5,0.20566,2
112.99,601.67,0.32673,2
82.79,526.33,0.019643,2
83.874,629.44,0.029464,2
84.958,732.55,0.039285,2
86.042,835.66,0.049107,2
87.126,938.78,0.058928,2
88.21,1041.9,0.068749,2
89.294,1145,0.078571,3
90.378,1056.4,0.088392,3
91.462,967.8,0.098213,3
92.546,879.2,0.10803,3
93.63,790.6,0.11786,3
94.714,702,0.12768,3
95.798,613.4,0.1375,3
96.882,524.8,0.14732,3
97.966,436.2,0.15714,3
99.051,347.6,0.16696,3
100.13,259,0.17678,3
106.64,114,0.23571,4
107.72,116,0.24553,4
108.81,116,0.25535,4
109.89,117,0.26518,4
110.98,502.5,0.275,4
112.06,119,0.28482,4
113.14,113,0.29464,4
114.23,115,0.30446,4
115.31,119,0.31428,4
116.4,117,0.3241,4
117.48,117,0.33392,4
118.56,27,0.34375,4
138.08,104.17,0.52053,2
139.16,117.33,0.53035,2
140.24,130.5,0.54017,2
141.33,143.67,0.54999,2
142.41,156.83,0.55981,2
82.327,310.19,0.030718,2
83.295,370.08,0.040957,2
84.264,429.96,0.051196,2
85.232,489.85,0.061435,2
86.201,549.73,0.071674,2
87.169,609.62,0.081914,3
88.137,669.5,0.092153,3
89.106,120,0.10239,3
90.074,123,0.11263,3
91.043,122,0.12287,3
92.011,122,0.13311,3
92.979,123,0.14335,3
93.948,121,0.15359,3
94.916,121,0.16383,3
95.885,120,0.17407,3
96.853,120,0.18431,3
97.821,317.5,0.19454,3
103.63,149.93,0.25598,4
104.6,122,0.26622,4
105.57,121,0.27646,4
106.54,123,0.2867,4
107.51,536,0.29694,4
108.47,121,0.30718,4
109.44,122,0.31742,4
110.41,118,0.32765,4
111.38,119,0.33789,4
112.35,90,0.34813,4
113.32,119,0.35837,4
114.28,64,0.36861,4
126.67,555.29,0.49953,2
81.333,479.43,0.020211,2
76.222,403.57,-0.03383,2
88.208,327.71,0.092902,2
100.19,251.86,0.21963,2
134.56,1,0.05932,3
132,1,0.022587,3
131.33,1,0.013005,3
131.8,1,0.019713,3
130.5,1,0.0010267,3
130.43,14,0,3
141.67,105,0.16153,3
147.62,91,0.24718,3
150.4,135,0.28706,3
156.2,142,0.37043,3
142.3,53,0.17064,3
131.2,88,0.011088,4
134.86,87,0.063655,4
134.17,153,0.05373,4
137.29,131,0.098563,4
132.33,1,0.027379,4
137.43,1,0.10062,4
139.11,131,0.1248,4
133.5,1,0.044148,4
132.78,1,0.033767,4
136.75,120,0.090862,4
135.5,1,0.072895,4
134.29,1,0.055441,4
133.88,3,0.049538,4
136.2,1,0.082957,4
135.12,1,0.067505,2
134.67,1,0.060917,2
77.266,10.09,0.013928,2
77.241,9.9549,0.013707,2
77.216,9.8195,0.013486,2
77.19,9.6842,0.013265,2
77.165,9.5489,0.013044,2
77.14,9.4135,0.012823,3
77.115,9.2782,0.012602,3
77.089,9.1429,0.012381,3
77.064,9.0075,0.012159,3
77.039,8.8722,0.011938,3
77.014,8.7368,0.011717,3
76.988,8.6015,0.011496,3
76.963,8.4662,0.011275,3
76.938,8.3308,0.011054,3
76.912,8.1955,0.010833,3
76.887,8.0602,0.010612,3
76.735,7.2481,0.0092854,4
76.71,7.1128,0.0090644,4
76.685,6.9774,0.0088433,4
76.66,6.8421,0.0086222,4
76.634,6.7068,0.0084011,4
76.609,6.5714,0.00818,4
76.584,6.4361,0.0079589,4
76.559,6.3008,0.0077379,4
76.533,6.1654,0.0075168,4
76.508,6.0301,0.0072957,4
76.483,5.8947,0.0070746,4
76.053,3.594,0.0033162,2
76.028,3.4586,0.0030951,2
76.002,3.3233,0.0028741,2
75.977,3.188,0.002653,2
75.952,3.0526,0.0024319,2
75.927,2.9173,0.0022108,2
77.244,9.9737,0.01307,2
77.22,9.8421,0.012866,2
77.195,9.7105,0.012662,2
77.171,9.5789,0.012457,2
77.146,9.4474,0.012253,2
77.122,9.3158,0.012049,3
77.097,9.1842,0.011845,3
77.072,9.0526,0.01164,3
77.048,8.9211,0.011436,3
77.023,8.7895,0.011232,3
76.999,8.6579,0.011028,3
76.974,8.5263,0.010824,3
76.95,8.3947,0.010619,3
76.925,8.2632,0.010415,3
76.9,8.1316,0.010211,3
76.728,7.2105,0.0087814,4
76.704,7.0789,0.0085772,4
76.679,6.9474,0.008373,4
76.655,6.8158,0.0081688,4
76.63,6.6842,0.0079645,4
76.606,6.5526,0.0077603,4
76.581,6.4211,0.0075561,4
76.556,6.2895,0.0073519,4
76.532,6.1579,0.0071477,4
76.507,6.0263,0.0069435,4
76.483,5.8947,0.0067392,4
76.04,3.5263,0.0030633,2
76.016,3.3947,0.0028591,2
75.991,3.2632,0.0026548,2
75.967,3.1316,0.0024506,2
75.942,3,0.0022464,2
77.268,10.098,0.014198,2
77.243,9.9644,0.013976,2
77.218,9.831,0.013755,2
77.193,9.6976,0.013533,2
77.168,9.5641,0.013311,2
77.143,9.4307,0.013089,3
77.118,9.2973,0.012867,3
77.093,9.1638,0.012645,3
77.068,9.0304,0.012423,3
77.043,8.897,0.012202,3
77.018,8.7635,0.01198,3
76.994,8.6301,0.011758,3
76.969,8.4967,0.011536,3
76.944,8.3632,0.011314,3
76.919,8.2298,0.011092,3
76.894,8.0964,0.01087,3
76.719,7.1623,0.0093176,4
76.695,7.0289,0.0090957,4
76.67,6.8955,0.0088739,4
76.645,6.762,0.008652,4
76.62,6.6286,0.0084302,4
76.595,6.4952,0.0082083,4
76.57,6.3617,0.0079865,4
76.545,6.2283,0.0077646,4
76.52,6.0949,0.0075428,4
76.495,5.9615,0.0073209,4
76.47,5.828,0.0070991,4
76.022,3.4262,0.0031059,2
75.997,3.2928,0.002884,2
75.972,3.1594,0.0026622,2
75.947,3.0259,0.0024403,2
75.922,2.8925,0.0022185,2
75.897,2.7591,0.0019966,2
77.237,9.935,0.012457,2
77.211,9.7957,0.012249,2
77.185,9.6563,0.012042,2
77.159,9.517,0.011834,2
77.133,9.3777,0.011626,2
77.107,9.2384,0.011419,3
77.081,9.0991,0.011211,3
77.055,8.9598,0.011003,3
77.029,8.8204,0.010796,3
77.003,8.6811,0.010588,3
76.977,8.5418,0.010381,3
76.951,8.4025,0.010173,3
76.925,8.2632,0.0099654,3
76.899,8.1238,0.0097578,3
76.873,7.9845,0.0095502,3
76.847,7.8452,0.0093426,3
76.691,7.0093,0.0080969,4
76.665,6.87,0.0078893,4
76.639,6.7307,0.0076817,4
76.613,6.5913,0.0074741,4
76.587,6.452,0.0072664,4
76.561,6.3127,0.0070588,4
76.535,6.1734,0.0068512,4
76.509,6.0341,0.0066436,4
76.483,5.8947,0.006436,4
76.457,5.7554,0.0062284,4
76.431,5.6161,0.0060208,4
76.405,5.4768,0.0058132,4
76.379,5.3375,0.0056055,4
76.353,5.1981,0.0053979,4
76.327,5.0588,0.0051903,4
76.301,4.9195,0.0049827,4
76.144,4.0836,0.003737,2
76.118,3.9443,0.0035294,2
76.092,3.805,0.0033218,2
76.066,3.6656,0.0031142,2
76.04,3.5263,0.0029066,2
76.014,3.387,0.002699,2
75.988,3.2477,0.0024914,2
75.962,3.1084,0.0022837,2
75.936,2.969,0.0020761,2
75.91,2.8297,0.0018685,2
75.884,2.6904,0.0016609,2
75.858,2.5511,0.0014533,2
75.832,2.4118,0.0012457,2
75.806,2.2724,0.0010381,2
75.78,2.1331,0.00083045,2
75.754,1.9938,0.00062284,2
77.252,10.016,0.013067,2
77.229,9.8934,0.012878,2
77.207,9.7703,0.012688,2
77.184,9.6473,0.012499,2
77.161,9.5243,0.012309,2
77.138,9.4012,0.01212,3
77.115,9.2782,0.011931,3
77.092,9.1552,0.011741,3
77.069,9.0321,0.011552,3
77.046,8.9091,0.011363,3
77.023,8.7861,0.011173,3
77,8.663,0.010984,3
76.977,8.54,0.010794,3
76.954,8.417,0.010605,3
76.931,8.2939,0.010416,3
76.908,8.1709,0.010226,3
76.77,7.4327,0.0090901,4
76.747,7.3096,0.0089007,4
76.724,7.1866,0.0087113,4
76.701,7.0636,0.008522,4
76.678,6.9405,0.0083326,4
76.655,6.8175,0.0081432,4
76.632,6.6945,0.0079538,4
76.609,6.5714,0.0077644,4
76.586,6.4484,0.0075751,4
76.563,6.3254,0.0073857,4
76.54,6.2023,0.0071963,4
76.517,6.0793,0.0070069,4
76.494,5.9563,0.0068176,4
76.471,5.8332,0.0066282,4
76.012,3.3725,0.0028407,2
75.989,3.2495,0.0026513,2
75.966,3.1265,0.0024619,2
75.943,3.0034,0.0022725,2
75.92,2.8804,0.0020831,2
77.273,10.126,0.012902,2
77.249,10,0.012712,2
77.226,9.8737,0.012523,2
77.202,9.7474,0.012333,2
77.179,9.6211,0.012143,2
77.155,9.4947,0.011954,2
77.131,9.3684,0.011764,3
77.108,9.2421,0.011574,3
77.084,9.1158,0.011384,3
77.061,8.9895,0.011195,3
77.037,8.8632,0.011005,3
77.014,8.7368,0.010815,3
76.99,8.6105,0.010625,3
76.966,8.4842,0.010436,3
76.943,8.3579,0.010246,3
76.919,8.2316,0.010056,3
76.754,7.3474,0.008728,4
76.73,7.2211,0.0085382,4
76.707,7.0947,0.0083485,4
76.683,6.9684,0.0081587,4
76.66,6.8421,0.007969,4
76.636,6.7158,0.0077793,4
76.612,6.5895,0.0075895,4
76.589,6.4632,0.0073998,4
76.565,6.3368,0.0072101,4
76.542,6.2105,0.0070203,4
76.518,6.0842,0.0068306,4
76.046,3.5579,0.0030358,2
76.023,3.4316,0.0028461,2
75.999,3.3053,0.0026563,2
75.976,3.1789,0.0024666,2
75.952,3.0526,0.0022769,2
75.928,2.9263,0.0020871,2
77.268,10.098,0.014198,2
77.243,9.9644,0.013976,2
77.218,9.831,0.013755,2
77.193,9.6976,0.013533,2
77.168,9.5641,0.013311,2
77.143,9.4307,0.013089,3
77.118,9.2973,0.012867,3
77.093,9.1638,0.012645,3
77.068,9.0304,0.012423,3
77.043,8.897,0.012202,3
77.018,8.7635,0.01198,3
76.994,8.6301,0.011758,3
76.969,8.4967,0.011536,3
76.944,8.3632,0.011314,3
76.919,8.2298,0.011092,3
76.894,8.0964,0.01087,3
76.744,7.2958,0.0095394,4
76.719,7.1623,0.0093176,4
76.695,7.0289,0.0090957,4
76.67,6.8955,0.0088739,4
76.645,6.762,0.008652,4
76.62,6.6286,0.0084302,4
76.595,6.4952,0.0082083,4
76.57,6.3617,0.0079865,4
76.545,6.2283,0.0077646,4
76.52,6.0949,0.0075428,4
76.495,5.9615,0.0073209,4
76.47,5.828,0.0070991,4
76.022,3.4262,0.0031059,2
75.997,3.2928,0.002884,2
75.972,3.1594,0.0026622,2
75.947,3.0259,0.0024403,2
75.922,2.8925,0.0022185,2
77.27,10.112,0.013184,2
77.246,9.9827,0.012984,2
77.222,9.8529,0.012785,2
77.198,9.7231,0.012585,2
77.173,9.5934,0.012385,2
77.149,9.4636,0.012185,2
77.125,9.3338,0.011986,3
77.101,9.204,0.011786,3
77.077,9.0743,0.011586,3
77.052,8.9445,0.011386,3
77.028,8.8147,0.011187,3
77.004,8.6849,0.010987,3
76.98,8.5552,0.010787,3
76.955,8.4254,0.010587,3
76.931,8.2956,0.010388,3
76.907,8.1658,0.010188,3
76.883,8.036,0.009988,3
76.737,7.2574,0.0087894,4
76.713,7.1276,0.0085897,4
76.689,6.9978,0.0083899,4
76.664,6.8681,0.0081902,4
76.64,6.7383,0.0079904,4
76.616,6.6085,0.0077906,4
76.592,6.4787,0.0075909,4
76.568,6.349,0.0073911,4
76.543,6.2192,0.0071914,4
76.519,6.0894,0.0069916,4
76.495,5.9596,0.0067918,4
76.471,5.8298,0.0065921,4
76.034,3.4939,0.0029964,2
76.01,3.3641,0.0027966,2
75.986,3.2343,0.0025969,2
75.962,3.1045,0.0023971,2
75.937,2.9748,0.0021974,2
77.283,10.18,0.013529,2
77.262,10.068,0.013351,2
77.241,9.9549,0.013173,2
77.22,9.8421,0.012995,2
77.199,9.7293,0.012817,2
77.178,9.6165,0.012639,3
77.157,9.5038,0.012461,3
77.136,9.391,0.012283,3
77.115,9.2782,0.012105,3
77.094,9.1654,0.011927,3
77.072,9.0526,0.011749,3
77.051,8.9398,0.011571,3
77.03,8.8271,0.011393,3
77.009,8.7143,0.011215,3
76.988,8.6015,0.011037,3
76.967,8.4887,0.010859,3
76.841,7.812,0.0097911,4
76.82,7.6992,0.0096131,4
76.799,7.5865,0.009435,4
76.778,7.4737,0.009257,4
76.757,7.3609,0.009079,4
76.735,7.2481,0.008901,4
76.714,7.1353,0.008723,4
76.693,7.0226,0.0085449,4
76.672,6.9098,0.0083669,4
76.651,6.797,0.0081889,4
76.63,6.6842,0.0080109,4
76.609,6.5714,0.0078329,4
76.061,3.6391,0.0032043,2
76.04,3.5263,0.0030263,2
76.019,3.4135,0.0028483,2
75.998,3.3008,0.0026703,2
75.977,3.188,0.0024923,2
75.956,3.0752,0.0023143,2
77.252,10.016,0.01296,2
77.229,9.8934,0.012772,2
77.207,9.7703,0.012585,2
77.184,9.6473,0.012397,2
77.161,9.5243,0.012209,2
77.138,9.4012,0.012021,3
77.115,9.2782,0.011833,3
77.092,9.1552,0.011645,3
77.069,9.0321,0.011458,3
77.046,8.9091,0.01127,3
77.023,8.7861,0.011082,3
77,8.663,0.010894,3
76.977,8.54,0.010706,3
76.954,8.417,0.010518,3
76.931,8.2939,0.010331,3
76.908,8.1709,0.010143,3
76.885,8.0478,0.0099549,3
76.747,7.3096,0.008828,4
76.724,7.1866,0.0086401,4
76.701,7.0636,0.0084523,4
76.678,6.9405,0.0082645,4
76.655,6.8175,0.0080766,4
76.632,6.6945,0.0078888,4
76.609,6.5714,0.007701,4
76.586,6.4484,0.0075131,4
76.563,6.3254,0.0073253,4
76.54,6.2023,0.0071375,4
76.517,6.0793,0.0069497,4
76.494,5.9563,0.0067618,4
76.471,5.8332,0.006574,4
76.012,3.3725,0.0028174,2
75.989,3.2495,0.0026296,2
75.966,3.1265,0.0024418,2
75.943,3.0034,0.0022539,2
75.92,2.8804,0.0020661,2
77.273,10.126,0.017564,2
77.249,10,0.017306,2
77.226,9.8737,0.017047,2
77.202,9.7474,0.016789,2
77.179,9.6211,0.016531,2
77.155,9.4947,0.016273,2
77.131,9.3684,0.016014,3
77.108,9.2421,0.015756,3
77.084,9.1158,0.015498,3
77.061,8.9895,0.015239,3
77.037,8.8632,0.014981,3
77.014,8.7368,0.014723,3
76.99,8.6105,0.014465,3
76.966,8.4842,0.014206,3
76.943,8.3579,0.013948,3
76.919,8.2316,0.01369,3
76.896,8.1053,0.013431,3
76.73,7.2211,0.011623,4
76.707,7.0947,0.011365,4
76.683,6.9684,0.011107,4
76.66,6.8421,0.010848,4
76.636,6.7158,0.01059,4
76.612,6.5895,0.010332,4
76.589,6.4632,0.010074,4
76.565,6.3368,0.0098152,4
76.542,6.2105,0.0095569,4
76.518,6.0842,0.0092986,4
76.495,5.9579,0.0090403,4
76.023,3.4316,0.0038744,2
75.999,3.3053,0.0036161,2
75.976,3.1789,0.0033578,2
75.952,3.0526,0.0030995,2
75.928,2.9263,0.0028412,2
75.905,2.8,0.002583,2
77.27,10.112,0.014631,2
77.246,9.9827,0.01441,2
77.222,9.8529,0.014188,2
77.198,9.7231,0.013966,2
77.173,9.5934,0.013745,2
77.149,9.4636,0.013523,2
77.125,9.3338,0.013301,3
77.101,9.204,0.013079,3
77.077,9.0743,0.012858,3
77.052,8.9445,0.012636,3
77.028,8.8147,0.012414,3
77.004,8.6849,0.012193,3
76.98,8.5552,0.011971,3
76.955,8.4254,0.011749,3
76.931,8.2956,0.011528,3
76.907,8.1658,0.011306,3
76.883,8.036,0.011084,3
76.737,7.2574,0.0097542,4
76.713,7.1276,0.0095325,4
76.689,6.9978,0.0093108,4
76.664,6.8681,0.0090891,4
76.64,6.7383,0.0088674,4
76.616,6.6085,0.0086457,4
76.592,6.4787,0.008424,4
76.568,6.349,0.0082024,4
76.543,6.2192,0.0079807,4
76.519,6.0894,0.007759,4
76.495,5.9596,0.0075373,4
76.034,3.4939,0.0033253,2
76.01,3.3641,0.0031036,2
75.986,3.2343,0.0028819,2
75.962,3.1045,0.0026602,2
75.937,2.9748,0.0024385,2
77.277,10.146,0.01285,2
77.254,10.024,0.012669,2
77.231,9.9028,0.012488,2
77.209,9.7814,0.012307,2
77.186,9.6599,0.012126,2
77.163,9.5385,0.011945,3
77.141,9.417,0.011764,3
77.118,9.2955,0.011583,3
77.095,9.1741,0.011402,3
77.072,9.0526,0.011221,3
77.05,8.9312,0.01104,3
77.027,8.8097,0.010859,3
77.004,8.6883,0.010678,3
76.982,8.5668,0.010497,3
76.959,8.4453,0.010316,3
76.936,8.3239,0.010135,3
76.8,7.5951,0.0090491,4
76.778,7.4737,0.0088681,4
76.755,7.3522,0.0086871,4
76.732,7.2308,0.0085061,4
76.71,7.1093,0.0083251,4
76.687,6.9879,0.0081442,4
76.664,6.8664,0.0079632,4
76.641,6.7449,0.0077822,4
76.619,6.6235,0.0076012,4
76.596,6.502,0.0074202,4
76.573,6.3806,0.0072392,4
76.551,6.2591,0.0070583,4
76.052,3.587,0.0030767,2
76.029,3.4656,0.0028957,2
76.006,3.3441,0.0027147,2
75.984,3.2227,0.0025337,2
75.961,3.1012,0.0023528,2
81.19,10.125,0.016808,2
82.146,9.9979,0.025211,2
83.102,9.8712,0.033615,2
84.057,9.7445,0.042019,2
85.013,9.6177,0.050423,2
85.969,9.491,0.058827,3
86.924,9.3643,0.067231,3
87.88,9.2375,0.075634,3
88.836,9.1108,0.084038,3
89.791,8.9841,0.092442,3
90.747,8.8573,0.10085,3
91.703,8.7306,0.10925,3
92.658,8.6039,0.11765,3
93.614,8.4771,0.12606,3
94.57,8.3504,0.13446,3
95.526,8.2237,0.14286,3
101.26,7.4633,0.19329,4
102.22,7.3366,0.20169,4
103.17,7.2098,0.2101,4
104.13,7.0831,0.2185,4
105.08,6.9564,0.2269,4
106.04,6.8296,0.23531,4
106.99,6.7029,0.24371,4
107.95,6.5762,0.25211,4
108.91,6.4494,0.26052,4
109.86,6.3227,0.26892,4
110.82,6.196,0.27733,4
111.77,6.0693,0.28573,4
132.8,3.2812,0.47061,2
133.75,3.1544,0.47902,2
134.71,3.0277,0.48742,2
135.66,2.901,0.49583,2
136.62,2.7742,0.50423,2
133.57,1,0.67477,2
131,1,0.66115,2
128.78,1,0.64939,2
129.2,174,0.65162,2
139.58,166,0.7066,2
145,165,0.73527,3
147.36,167,0.74779,3
146.5,162,0.74322,3
142.43,164,0.72166,3
143,165,0.72469,3
143.43,165,0.72695,3
141.86,166,0.71863,3
145.25,164,0.7366,3
147.12,161,0.74653,3
136,25,0.68762,3
128.64,1,0.64864,3
149.8,176,0.76069,4
157.82,184,0.80314,4
22.636,184,0.08742,4
56.6,183,0.26724,4
158.17,4,0.80499,4
153,7,0.77763,4
161.25,5,0.82131,4
161.22,7,0.82116,4
159.45,6,0.8118,4
155.75,176,0.79219,4
155,1,0.78822,4
152,1,0.77234,4
135.33,1,0.68409,2
132.33,146,0.66821,2
134.09,146,0.67752,2
132.6,125,0.66962,2
101.18,56,0.50328,2
34.222,57,0.14876,2
28.069,13.324,0.067967,2
30.71,12.648,0.082536,2
33.35,11.972,0.097104,2
35.991,11.296,0.11167,2
38.631,10.62,0.12624,2
77.268,10.098,0.014722,2
77.243,9.9644,0.014492,2
77.218,9.831,0.014262,2
77.193,9.6976,0.014032,2
77.168,9.5641,0.013802,2
77.143,9.4307,0.013572,3
77.118,9.2973,0.013342,3
77.093,9.1638,0.013112,3
77.068,9.0304,0.012882,3
77.043,8.897,0.012652,3
77.018,8.7635,0.012422,3
76.994,8.6301,0.012192,3
76.969,8.4967,0.011962,3
76.944,8.3632,0.011732,3
76.919,8.2298,0.011502,3
76.894,8.0964,0.011272,3
76.744,7.2958,0.0098917,4
76.719,7.1623,0.0096616,4
76.695,7.0289,0.0094316,4
76.67,6.8955,0.0092015,4
76.645,6.762,0.0089715,4
76.62,6.6286,0.0087415,4
76.595,6.4952,0.0085114,4
76.57,6.3617,0.0082814,4
76.545,6.2283,0.0080514,4
76.52,6.0949,0.0078213,4
76.495,5.9615,0.0075913,4
76.022,3.4262,0.0032205,2
75.997,3.2928,0.0029905,2
75.972,3.1594,0.0027605,2
75.947,3.0259,0.0025304,2
75.922,2.8925,0.0023004,2
74.754,9.8907,0.18766,2
74.101,9.7055,0.18349,2
73.448,9.5202,0.17932,2
72.795,9.335,0.17515,2
72.142,9.1498,0.17098,2
71.488,8.9646,0.16681,2
70.835,8.7794,0.16264,3
70.182,8.5941,0.15847,3
69.529,8.4089,0.1543,3
68.876,8.2237,0.15013,3
68.222,8.0385,0.14596,3
67.569,7.8532,0.14179,3
66.916,7.668,0.13762,3
66.263,7.4828,0.13345,3
65.609,7.2976,0.12928,3
64.956,7.1123,0.12511,3
60.384,5.8158,0.095914,4
59.73,5.6306,0.091744,4
59.077,5.4453,0.087574,4
58.424,5.2601,0.083404,4
57.771,5.0749,0.079233,4
57.118,4.8897,0.075063,4
56.464,4.7045,0.070893,4
55.811,4.5192,0.066723,4
55.158,4.334,0.062553,4
54.505,4.1488,0.058383,4
53.851,3.9636,0.054212,4
53.198,3.7783,0.050042,4
63.5,1,0.28885,2
64.4,1,0.29416,2
98.333,1,0.49443,2
12.455,1,-0.012399,2
17,1,0.014426,2
17,1,0.014426,2
26.2,141,0.068721,2
29,1,0.085246,2
40.8,1,0.15489,2
125.2,1,0.65298,2
9.2222,1,-0.031475,2
77.287,10.201,0.013828,2
77.267,10.093,0.013655,2
77.247,9.9856,0.013482,2
77.227,9.878,0.013309,2
77.207,9.7703,0.013136,2
77.186,9.6627,0.012963,2
77.166,9.555,0.01279,2
77.146,9.4474,0.012618,2
77.126,9.3397,0.012445,2
77.106,9.2321,0.012272,2
77.086,9.1244,0.012099,2
77.066,9.0167,0.011926,2
77.046,8.9091,0.011753,2
77.026,8.8014,0.011581,2
77.005,8.6938,0.011408,3
76.985,8.5861,0.011235,3
76.965,8.4785,0.011062,3
76.945,8.3708,0.010889,3
76.925,8.2632,0.010716,3
76.905,8.1555,0.010543,3
76.885,8.0478,0.010371,3
76.865,7.9402,0.010198,3
76.845,7.8325,0.010025,3
76.825,7.7249,0.0098521,3
76.804,7.6172,0.0096793,3
76.664,6.8636,0.0084693,4
76.644,6.756,0.0082965,4
76.623,6.6483,0.0081237,4
76.603,6.5407,0.0079508,4
76.583,6.433,0.007778,4
76.563,6.3254,0.0076051,4
76.543,6.2177,0.0074323,4
76.523,6.11,0.0072594,4
76.503,6.0024,0.0070866,4
76.483,5.8947,0.0069138,4
76.463,5.7871,0.0067409,4
76.443,5.6794,0.0065681,4
76.422,5.5718,0.0063952,4
76,3.311,0.0027655,2
75.98,3.2033,0.0025927,2
75.96,3.0957,0.0024198,2
75.94,2.988,0.002247,2
75.92,2.8804,0.0020741,2
81.499,10.131,0.016993,2
82.532,10.006,0.025489,2
83.565,9.8811,0.033986,2
84.598,9.756,0.042482,2
85.63,9.6309,0.050979,2
86.663,9.5058,0.059475,2
87.696,9.3807,0.067972,3
88.729,9.2556,0.076468,3
89.762,9.1306,0.084965,3
90.795,9.0055,0.093461,3
91.828,8.8804,0.10196,3
92.861,8.7553,0.11045,3
93.894,8.6302,0.11895,3
94.927,8.5051,0.12745,3
95.959,8.38,0.13594,3
96.992,8.255,0.14444,3
104.22,7.3794,0.20392,4
105.26,7.2543,0.21241,4
106.29,7.1292,0.22091,4
107.32,7.0041,0.22941,4
108.35,6.879,0.2379,4
109.39,6.7539,0.2464,4
110.42,6.6288,0.25489,4
111.45,6.5038,0.26339,4
112.49,6.3787,0.27189,4
113.52,6.2536,0.28038,4
114.55,6.1285,0.28888,4
115.58,6.0034,0.29738,4
116.62,5.8783,0.30587,4
117.65,5.7532,0.31437,4
118.68,5.6282,0.32287,4
138.31,3.2515,0.4843,2
139.34,3.1265,0.4928,2
140.37,3.0014,0.50129,2
141.41,2.8763,0.50979,2
142.44,2.7512,0.51829,2
38,1,0.053254,2
29.111,1,0.00065746,2
31.273,1,0.013448,2
29.25,1,0.0014793,2
56.455,1,0.16245,2
81.7,1,0.31183,2
64.143,119,0.20795,2
50.444,1,0.12689,2
89.875,1,0.36021,2
74.365,10.096,0.29168,2
73.615,9.9627,0.28713,2
72.865,9.8289,0.28257,2
72.114,9.6952,0.27801,2
71.364,9.5614,0.27345,2
70.613,9.4276,0.2689,3
69.863,9.2939,0.26434,3
69.112,9.1601,0.25978,3
68.362,9.0263,0.25522,3
67.611,8.8925,0.25067,3
66.861,8.7588,0.24611,3
66.11,8.625,0.24155,3
65.36,8.4912,0.23699,3
64.609,8.3575,0.23244,3
63.859,8.2237,0.22788,3
63.108,8.0899,0.22332,3
57.855,7.1535,0.19142,4
57.105,7.0197,0.18686,4
56.354,6.886,0.1823,4
55.604,6.7522,0.17775,4
54.853,6.6184,0.17319,4
54.103,6.4846,0.16863,4
53.352,6.3509,0.16407,4
52.602,6.2171,0.15952,4
51.851,6.0833,0.15496,4
51.101,5.9496,0.1504,4
50.35,5.8158,0.14584,4
36.842,3.4079,0.063806,2
36.091,3.2741,0.059249,2
35.341,3.1404,0.054691,2
34.59,3.0066,0.050133,2
33.84,2.8728,0.045576,2
33.089,2.739,0.041018,2
74.693,10.089,0.32048,2
74.025,9.9533,0.31539,2
73.356,9.8176,0.3103,2
72.687,9.682,0.30522,2
72.019,9.5463,0.30013,2
71.35,9.4107,0.29504,3
70.682,9.275,0.28996,3
70.013,9.1394,0.28487,3
69.345,9.0037,0.27978,3
68.676,8.8681,0.27469,3
68.008,8.7324,0.26961,3
67.339,8.5967,0.26452,3
66.67,8.4611,0.25943,3
66.002,8.3254,0.25435,3
65.333,8.1898,0.24926,3
64.665,8.0541,0.24417,3
60.653,7.2402,0.21365,4
59.985,7.1045,0.20856,4
59.316,6.9689,0.20348,4
58.648,6.8332,0.19839,4
57.979,6.6976,0.1933,4
57.311,6.5619,0.18822,4
56.642,6.4262,0.18313,4
55.974,6.2906,0.17804,4
55.305,6.1549,0.17296,4
54.637,6.0193,0.16787,4
53.968,5.8836,0.16278,4
53.299,5.748,0.15769,4
41.265,3.3062,0.06613,2
40.597,3.1705,0.061043,2
39.928,3.0348,0.055956,2
39.26,2.8992,0.050869,2
38.591,2.7635,0.045782,2
76.597,10.263,0.09804,2
76.404,10.171,0.096508,2
76.212,10.079,0.094976,2
76.019,9.9868,0.093444,2
75.827,9.8947,0.091913,2
75.634,9.8026,0.090381,2
75.441,9.7105,0.088849,3
75.249,9.6184,0.087317,3
75.056,9.5263,0.085785,3
74.864,9.4342,0.084253,3
74.671,9.3421,0.082721,3
74.478,9.25,0.081189,3
74.286,9.1579,0.079658,3
74.093,9.0658,0.078126,3
73.901,8.9737,0.076594,3
73.708,8.8816,0.075062,3
72.552,8.3289,0.065871,4
72.36,8.2368,0.064339,4
72.167,8.1447,0.062807,4
71.974,8.0526,0.061275,4
71.782,7.9605,0.059743,4
71.589,7.8684,0.058211,4
71.397,7.7763,0.056679,4
71.204,7.6842,0.055148,4
71.011,7.5921,0.053616,4
70.819,7.5,0.052084,4
70.626,7.4079,0.050552,4
70.434,7.3158,0.04902,4
66.967,5.6579,0.021446,2
66.774,5.5658,0.019914,2
66.582,5.4737,0.018383,2
66.389,5.3816,0.016851,2
66.196,5.2895,0.015319,2
66.004,5.1974,0.013787,2
6.7778,6,-0.017741,2
23.25,4,0.069929,2
26.222,5,0.085748,2
121.55,10,0.59309,2
59.091,132,0.26068,2
145.7,1,0.72164,2
142.33,1,0.70373,2
146.22,47,0.72442,3
145.88,1,0.72258,3
146.45,102,0.72566,3
128.6,151,0.63063,3
10.111,13,0,3
16.8,29,0.0356,3
13.286,29,0.016896,3
17.2,19,0.037729,3
20.5,28,0.055293,3
17.4,30,0.038794,3
8.8,30,-0.0069781,3
159.89,1,0.79716,4
160.25,1,0.79908,4
148,1,0.73389,4
151.78,1,0.75399,4
89.364,4,0.42181,4
37.182,65,0.14408,4
57.9,67,0.25435,4
65.1,68,0.29267,4
59.909,66,0.26504,4
59.778,41,0.26434,4
57.429,33,0.25184,4
55.25,35,0.24024,4
58,35,0.25488,4
66.431,9.0263,0.28573,2
63.697,8.625,0.27054,2
60.963,8.2237,0.25535,2
58.229,7.8224,0.24016,2
55.495,7.4211,0.22497,2
52.761,7.0197,0.20978,3
50.027,6.6184,0.19459,3
47.293,6.2171,0.1794,3
44.559,5.8158,0.16421,3
41.825,5.4145,0.14903,3
39.091,5.0132,0.13384,3
36.357,4.6118,0.11865,3
33.622,4.2105,0.10346,3
30.888,3.8092,0.088269,3
28.154,3.4079,0.07308,3
25.42,3.0066,0.05789,3
15.545,1,0.0030303,4
15,1,0,4
11.778,1,-0.017901,4
80.84,10.089,0.01498,2
81.708,9.9533,0.02247,2
82.576,9.8176,0.02996,2
83.444,9.682,0.03745,2
84.312,9.5463,0.04494,2
85.18,9.4107,0.05243,3
86.048,9.275,0.05992,3
86.916,9.1394,0.06741,3
87.784,9.0037,0.0749,3
88.652,8.8681,0.08239,3
89.52,8.7324,0.08988,3
90.388,8.5967,0.09737,3
91.256,8.4611,0.10486,3
92.124,8.3254,0.11235,3
92.993,8.1898,0.11984,3
93.861,8.0541,0.12733,3
99.069,7.2402,0.17227,4
99.937,7.1045,0.17976,4
100.81,6.9689,0.18725,4
101.67,6.8332,0.19474,4
102.54,6.6976,0.20223,4
103.41,6.5619,0.20972,4
104.28,6.4262,0.21721,4
105.15,6.2906,0.2247,4
106.01,6.1549,0.23219,4
106.88,6.0193,0.23968,4
107.75,5.8836,0.24717,4
123.37,3.4418,0.38199,2
124.24,3.3062,0.38948,2
125.11,3.1705,0.39697,2
125.98,3.0348,0.40446,2
126.85,2.8992,0.41195,2
127.72,2.7635,0.41944,2
77.275,10.139,0.013479,2
77.252,10.016,0.013286,2
77.229,9.8934,0.013093,2
77.207,9.7703,0.012901,2
77.184,9.6473,0.012708,2
77.161,9.5243,0.012516,2
77.138,9.4012,0.012323,3
77.115,9.2782,0.012131,3
77.092,9.1552,0.011938,3
77.069,9.0321,0.011746,3
77.046,8.9091,0.011553,3
77.023,8.7861,0.01136,3
77,8.663,0.011168,3
76.977,8.54,0.010975,3
76.954,8.417,0.010783,3
76.931,8.2939,0.01059,3
76.77,7.4327,0.0092424,4
76.747,7.3096,0.0090499,4
76.724,7.1866,0.0088573,4
76.701,7.0636,0.0086648,4
76.678,6.9405,0.0084722,4
76.655,6.8175,0.0082797,4
76.632,6.6945,0.0080871,4
76.609,6.5714,0.0078946,4
76.586,6.4484,0.007702,4
76.563,6.3254,0.0075095,4
76.54,6.2023,0.0073169,4
76.517,6.0793,0.0071244,4
76.035,3.4956,0.0030808,2
76.012,3.3725,0.0028883,2
75.989,3.2495,0.0026957,2
75.966,3.1265,0.0025032,2
75.943,3.0034,0.0023106,2
75.92,2.8804,0.0021181,2
12.125,1,-0.010512,2
13.778,1,0,2
43.5,1,0.18905,3
32.364,1,0.11821,3
21.417,1,0.048587,3
12.125,1,-0.010512,3
100.25,1,0.55,3
126.78,163,0.71873,3
14.917,1,0.0072438,3
21.625,1,0.049912,3
26.625,1,0.081714,3
37.7,1,0.15216,3
75.121,10.089,0.24694,2
74.56,9.9533,0.24302,2
73.998,9.8176,0.2391,2
73.437,9.682,0.23518,2
72.875,9.5463,0.23126,2
72.314,9.4107,0.22734,3
71.752,9.275,0.22342,3
71.191,9.1394,0.2195,3
70.629,9.0037,0.21558,3
70.068,8.8681,0.21166,3
69.506,8.7324,0.20774,3
68.945,8.5967,0.20382,3
68.383,8.4611,0.1999,3
67.822,8.3254,0.19598,3
67.26,8.1898,0.19207,3
66.699,8.0541,0.18815,3
63.33,7.2402,0.16463,4
62.768,7.1045,0.16071,4
62.207,6.9689,0.15679,4
61.645,6.8332,0.15287,4
61.084,6.6976,0.14895,4
60.522,6.5619,0.14503,4
59.96,6.4262,0.14111,4
59.399,6.2906,0.13719,4
58.837,6.1549,0.13327,4
58.276,6.0193,0.12935,4
57.714,5.8836,0.12543,4
47.607,3.4418,0.054876,2
47.046,3.3062,0.050956,2
46.484,3.1705,0.047036,2
45.923,3.0348,0.043117,2
45.361,2.8992,0.039197,2
44.8,2.7635,0.035277,2
119.8,1,0.60407,3
139.33,1,0.71583,3
132,1,0.67387,3
129,1,0.65671,4
128.33,1,0.65289,4
127,1,0.64526,4
127,1,0.64526,4
126.25,1,0.64097,4
126.8,1,0.64412,4
127,1,0.64526,4
128.5,146,0.65385,4
135.5,165,0.6939,4
150.78,160,0.78131,4
10.5,16,-0.021297,2
16.75,18,0.014463,2
20,18,0.033058,2
19.714,16,0.031423,2
25.6,21,0.065099,2
77.249,10,0.014197,2
77.226,9.8737,0.013985,2
77.202,9.7474,0.013773,2
77.179,9.6211,0.013561,2
77.155,9.4947,0.013349,2
77.131,9.3684,0.013137,3
77.108,9.2421,0.012926,3
77.084,9.1158,0.012714,3
77.061,8.9895,0.012502,3
77.037,8.8632,0.01229,3
77.014,8.7368,0.012078,3
76.99,8.6105,0.011866,3
76.966,8.4842,0.011654,3
76.943,8.3579,0.011442,3
76.919,8.2316,0.01123,3
76.896,8.1053,0.011018,3
76.754,7.3474,0.0097471,4
76.73,7.2211,0.0095352,4
76.707,7.0947,0.0093233,4
76.683,6.9684,0.0091114,4
76.66,6.8421,0.0088995,4
76.636,6.7158,0.0086876,4
76.612,6.5895,0.0084758,4
76.589,6.4632,0.0082639,4
76.565,6.3368,0.008052,4
76.542,6.2105,0.0078401,4
76.518,6.0842,0.0076282,4
76.495,5.9579,0.0074163,4
76.07,3.6842,0.0036022,2
76.046,3.5579,0.0033903,2
76.023,3.4316,0.0031784,2
75.999,3.3053,0.0029665,2
75.976,3.1789,0.0027546,2
75.952,3.0526,0.0025427,2
77.274,10.133,0.014174,2
77.251,10.008,0.013968,2
77.228,9.8837,0.013763,2
77.204,9.759,0.013557,2
77.181,9.6343,0.013352,2
77.158,9.5097,0.013146,3
77.135,9.385,0.012941,3
77.111,9.2604,0.012736,3
77.088,9.1357,0.01253,3
77.065,9.0111,0.012325,3
77.041,8.8864,0.012119,3
77.018,8.7618,0.011914,3
76.995,8.6371,0.011709,3
76.972,8.5125,0.011503,3
76.948,8.3878,0.011298,3
76.925,8.2632,0.011092,3
76.785,7.5152,0.0098599,4
76.762,7.3906,0.0096545,4
76.739,7.2659,0.009449,4
76.716,7.1413,0.0092436,4
76.692,7.0166,0.0090382,4
76.669,6.892,0.0088328,4
76.646,6.7673,0.0086274,4
76.622,6.6427,0.008422,4
76.599,6.518,0.0082166,4
76.576,6.3934,0.0080111,4
76.553,6.2687,0.0078057,4
76.134,4.0249,0.0041083,2
76.11,3.9003,0.0039029,2
76.087,3.7756,0.0036975,2
76.064,3.651,0.003492,2
76.04,3.5263,0.0032866,2
76.017,3.4017,0.0030812,2
75.994,3.277,0.0028758,2
75.971,3.1524,0.0026704,2
75.947,3.0277,0.002465,2
75.924,2.903,0.0022596,2
77.279,10.158,0.014701,2
77.257,10.039,0.014497,2
77.235,9.9211,0.014293,2
77.213,9.8026,0.014089,2
77.19,9.6842,0.013885,2
77.168,9.5658,0.01368,2
77.146,9.4474,0.013476,3
77.124,9.3289,0.013272,3
77.102,9.2105,0.013068,3
77.08,9.0921,0.012864,3
77.058,8.9737,0.012659,3
77.036,8.8553,0.012455,3
77.014,8.7368,0.012251,3
76.991,8.6184,0.012047,3
76.969,8.5,0.011843,3
76.947,8.3816,0.011639,3
76.925,8.2632,0.011434,3
76.792,7.5526,0.010209,4
76.77,7.4342,0.010005,4
76.748,7.3158,0.0098009,4
76.726,7.1974,0.0095967,4
76.704,7.0789,0.0093925,4
76.682,6.9605,0.0091883,4
76.66,6.8421,0.0089841,4
76.638,6.7237,0.00878,4
76.615,6.6053,0.0085758,4
76.593,6.4868,0.0083716,4
76.571,6.3684,0.0081674,4
76.549,6.25,0.0079632,4
76.527,6.1316,0.007759,4
75.996,3.2895,0.0028586,2
75.974,3.1711,0.0026544,2
75.952,3.0526,0.0024502,2
75.93,2.9342,0.002246,2
75.908,2.8158,0.0020419,2
70.068,9.0622,0.33187,2
68.243,8.6699,0.32179,2
66.419,8.2775,0.31171,2
64.594,7.8852,0.30162,2
62.769,7.4928,0.29154,2
60.944,7.1005,0.28146,2
59.12,6.7081,0.27138,3
57.295,6.3158,0.2613,3
55.47,5.9234,0.25122,3
53.645,5.5311,0.24113,3
51.82,5.1388,0.23105,3
49.996,4.7464,0.22097,3
48.171,4.3541,0.21089,3
46.346,3.9617,0.20081,3
44.521,3.5694,0.19073,3
42.697,3.177,0.18064,3
40.872,2.7847,0.17056,3
45.5,1,0.19613,4
146.56,1,0.75445,2
146.75,1,0.75552,2
145.11,1,0.74647,2
146.17,1,0.7523,2
147,149,0.75691,2
