0.86412,0.50237,0.030064,0.00072152,1
0.8054,0.403,0.029824,0.00017266,1
0.74669,0.3036,0.02958,4.842e-05,1
0.688,0.20423,0.029337,0,1
0.69806,0.22128,0.029095,6.5761e-06,1
0.95905,0.45544,0.023225,6.5761e-06,1
0.95814,0.45362,0.023604,7.0186e-05,1
0.95722,0.45181,0.023984,0.00017204,1
0.95629,0.45002,0.024366,0.00037366,1
0.95539,0.4482,0.024746,0.00062207,1
0.95448,0.44639,0.025125,0.0014367,2
0.95355,0.44457,0.025507,0.0034284,2
0.95265,0.44276,0.025887,0.0066628,2
0.95172,0.44094,0.026267,0.011071,2
0.95079,0.43912,0.026646,0.011071,2
0.94989,0.43731,0.027028,0.015172,2
0.94899,0.43549,0.027408,0.01974,2
0.94806,0.43367,0.027787,0.025727,2
0.94715,0.43186,0.028169,0.032498,2
0.94623,0.43004,0.028549,0.03987,2
0.94532,0.42822,0.028929,0.047952,2
0.93983,0.41736,0.031211,0.056878,3
0.9389,0.41554,0.031592,0.067445,3
0.93799,0.41372,0.031971,0.080889,3
0.93707,0.41191,0.032352,0.099421,3
0.93616,0.41009,0.032733,0.12577,3
0.93526,0.40827,0.050189,0.14969,3
0.93433,0.40646,0.067645,0.1767,3
0.93343,0.40464,0.085104,0.20682,3
0.9325,0.40282,0.10256,0.2399,3
0.93159,0.40101,0.10037,0.27563,3
0.93067,0.39919,0.09817,0.31351,3
0.84916,0.23762,0.060844,0.35294,1
0.85067,0.24058,0.058647,0.39324,1
0.85215,0.24353,0.056454,0.43672,1
0.85363,0.24649,0.054257,0.47958,1
0.85514,0.24945,0.05206,0.52279,1
0.85663,0.25241,0.049867,0.56403,1
0.92466,0.55393,0.075414,0.60291,2
0.92121,0.54734,0.076112,0.63928,2
0.91773,0.54075,0.07681,0.6731,2
0.91427,0.53413,0.077511,0.70442,2
0.91082,0.52754,0.078209,0.73336,2
0.90736,0.52095,0.078907,0.77156,2
0.90391,0.51436,0.079605,0.81139,2
0.90043,0.50773,0.080303,0.84573,2
0.89697,0.50114,0.081001,0.87521,2
0.87277,0.45497,0.08589,0.90036,3
0.86931,0.44838,0.086588,0.92168,3
0.86586,0.44176,0.087286,0.93962,3
0.86238,0.43517,0.087984,0.95455,3
0.85892,0.42858,0.088682,0.96686,3
0.85547,0.42198,0.08938,0.97681,3
0.85201,0.41536,0.090078,0.98467,3
0.84856,0.40877,0.090776,0.98976,3
0.84508,0.40218,0.091474,0.9937,3
0.84162,0.39559,0.092175,0.9966,3
0.83817,0.389,0.092873,0.9982,3
0.77591,0.27021,0.092741,0.99926,1
0.77245,0.26362,0.08074,0.99975,1
0.76897,0.25702,0.068739,0.99995,1
0.76552,0.25042,0.056735,0.99989,1
0.76206,0.24382,0.044734,0.99956,1
0.75861,0.23722,0.032733,0.99902,1
0.97004,0.24655,0.031275,0.99902,1
0.92976,0.1682,0.04728,0.99596,1
0.93983,0.18779,0.063281,0.99289,1
0.94991,0.20738,0.059469,0.98981,1
0.95998,0.22697,0.055653,0.98673,1
0.97004,0.24655,0.05184,0.98151,1
0.97004,0.24655,0.048025,0.97627,1
0.97004,0.24655,0.044209,0.97101,1
0.89841,0.62199,0.052371,0.96573,2
0.8944,0.61519,0.051826,0.96149,2
0.89039,0.60837,0.05128,0.95961,2
0.88635,0.60154,0.050735,0.95961,2
0.88234,0.59474,0.050189,0.95687,2
0.85823,0.55385,0.046916,0.95412,3
0.85421,0.54702,0.046371,0.95136,3
0.8502,0.54019,0.045825,0.94861,3
0.84619,0.5334,0.052371,0.94713,3
0.84218,0.52657,0.058917,0.94713,3
0.83814,0.51975,0.065463,0.94613,3
0.83413,0.51292,0.072012,0.94613,3
0.8301,0.50612,0.078558,0.94512,3
0.82609,0.4993,0.085104,0.94412,3
0.82208,0.49247,0.09165,0.94211,3
0.81806,0.48564,0.098196,0.93808,3
0.81405,0.47885,0.10474,0.92999,3
0.81002,0.47202,0.11129,0.91366,3
0.80601,0.4652,0.11784,0.8905,3
0.66785,0.23076,0.92574,0.87861,1
0.63427,0.17379,1,0.86662,1
0.97867,0.34599,0.021075,0.85455,1
0.98266,0.35361,0.021025,0.84241,1
0.98664,0.36122,0.020977,0.8325,1
0.82231,0.5341,0.064739,0.8325,1
0.80888,0.50993,0.042188,0.8259,1
0.79543,0.48579,0.019639,0.81929,1
0.78201,0.46162,0.019751,0.81268,1
0.76858,0.43748,0.019864,0.80608,1
0.89076,0.63552,0.015854,0.79312,2
0.88422,0.62454,0.015398,0.77548,2
0.87768,0.61355,0.014942,0.75673,2
0.87114,0.60254,0.014487,0.74612,2
0.8646,0.59155,0.014031,0.73565,2
0.85806,0.58054,0.013575,0.72836,2
0.85152,0.56955,0.01312,0.72115,2
0.84499,0.55856,0.012664,0.71575,2
0.83845,0.54755,0.012208,0.71041,2
0.83188,0.53659,0.011752,0.70734,2
0.79265,0.47062,0.0090181,0.7043,3
0.78611,0.45963,0.0085623,0.70288,3
0.77957,0.44861,0.0081066,0.70288,3
0.77303,0.43763,0.0076508,0.69987,3
0.76649,0.42664,0.0071951,0.69688,3
0.75995,0.41563,0.0067393,0.69625,3
0.75339,0.40464,0.0062838,0.69625,3
0.74685,0.39365,0.0058278,0.6954,3
0.74031,0.38267,0.0053723,0.69456,3
0.73377,0.37165,0.0049166,0.69371,3
0.72723,0.36067,0.0044608,0.69285,3
0.7207,0.34968,0.004005,0.69103,3
0.76858,0.43016,0.61586,0.68989,1
0.96074,0.32525,0.0081509,0.68989,1
0.96026,0.32425,0.0086858,0.68959,1
0.95977,0.32326,0.0092208,0.68959,1
0.95926,0.32229,0.0097554,0.68929,1
0.95877,0.32129,0.01029,0.68898,1
0.95828,0.32033,0.010825,0.68838,2
0.9578,0.31933,0.01136,0.68717,2
0.95731,0.31836,0.011895,0.68476,2
0.9568,0.31737,0.01243,0.67994,2
0.95631,0.31637,0.012964,0.67155,2
0.95583,0.3154,0.013499,0.66257,2
0.95534,0.31441,0.014034,0.65359,2
0.95485,0.31344,0.014569,0.64463,2
0.95434,0.31245,0.015104,0.63567,2
0.95386,0.31148,0.015639,0.62445,2
0.95337,0.31048,0.016174,0.60971,2
0.95042,0.30459,0.019383,0.5922,3
0.94991,0.3036,0.019916,0.58083,3
0.94943,0.3026,0.020453,0.56948,3
0.94894,0.30163,0.020988,0.55815,3
0.94843,0.30064,0.021522,0.54885,3
0.94797,0.29967,0.022057,0.53957,3
0.94746,0.29868,0.022592,0.53029,3
0.94697,0.29771,0.023126,0.52103,3
0.94648,0.29671,0.023661,0.51177,3
0.94597,0.29572,0.024196,0.50253,3
0.94551,0.29475,0.02473,0.50211,3
0.945,0.29375,0.025265,0.50211,3
0.80371,0.75623,0.0090181,0.50211,1
0.78384,0.72611,0.0076508,0.49289,1
0.76397,0.69593,0.0062838,0.48367,2
0.74407,0.66579,0.0049166,0.47657,2
0.7242,0.63567,0.0035493,0.46694,2
0.70432,0.6055,0.0021822,0.46378,2
0.68445,0.57535,0.0032158,0.46062,2
0.66458,0.5452,0.0042496,0.45454,2
0.64471,0.51506,0.0052832,0.44858,2
0.62483,0.48491,0.0063167,0.44858,2
0.60496,0.45477,0.0073505,0.43781,2
0.58507,0.42462,0.008384,0.42706,2
0.56519,0.39447,0.0094178,0.40609,2
0.54534,0.36433,0.010451,0.3901,2
0.42609,0.18344,0.016653,0.3778,3
0.44042,0.20521,0.017687,0.36553,3
0.45477,0.22697,0.01872,0.35327,3
0.46912,0.24873,0.019755,0.34103,3
0.48348,0.27049,0.020787,0.32882,3
0.49781,0.29225,0.021822,0.32851,3
0.51216,0.31403,0.022856,0.32851,3
0.52649,0.33576,0.023888,0.32746,3
0.54085,0.35753,0.024922,0.32639,3
0.5552,0.3793,0.025957,0.32529,3
0.56955,0.40107,0.026989,0.32417,3
0.58391,0.42283,0.028023,0.32046,3
0.59824,0.44457,0.029057,0.31341,3
0.75515,0.68257,0.21301,0.30477,1
0.70813,0.61127,0.27805,0.29481,1
0.66112,0.53996,0.34311,0.28333,1
0.6477,0.5196,0.40816,0.27012,1
0.63427,0.49921,0.47321,0.255,1
0.85853,0.35109,0.015275,0.23776,1
0.83246,0.28903,0.0065463,0.21827,1
0.80642,0.22697,0.0065965,0.19642,1
0.78038,0.16491,0.0066463,0.17799,1
0.75432,0.10285,0.0066962,0.15826,1
0.72828,0.040792,0.006746,0.14148,1
0.84468,0.32575,0.016883,0.1241,2
0.85252,0.34148,0.017419,0.10636,2
0.86036,0.35718,0.017955,0.091535,2
0.8682,0.37288,0.018491,0.076877,2
0.87603,0.38862,0.019027,0.062648,2
0.93723,0.51134,0.027067,0.049146,3
0.92976,0.49637,0.027602,0.036694,3
0.78797,0.212,0.037786,0.024626,1
0.78052,0.19703,0.03832,0.016816,1
0.77306,0.18206,0.038857,0.011895,1
0.89507,0.42679,0.039393,0.0077823,1
0.78201,0.81968,0.020499,0.0056102,1
0.77433,0.8087,0.020362,0.0037881,1
0.76666,0.79771,0.020224,0.0028999,1
0.75898,0.78672,0.020087,0.0021298,1
0.7513,0.77577,0.019949,0.0018726,2
0.74363,0.76475,0.019812,0.0018726,2
0.73595,0.75379,0.019674,0.0018389,2
0.72828,0.74281,0.019536,0.0018389,2
0.72063,0.73185,0.019398,0.0017987,2
0.71293,0.72084,0.019261,0.0017591,2
0.70525,0.70988,0.019123,0.0017475,2
0.69758,0.69889,0.018986,0.0017475,2
0.6899,0.68791,0.018849,0.0016702,2
0.68223,0.67692,0.018711,0.0015947,2
0.67455,0.66596,0.018574,0.0014509,2
0.75012,0.77404,0.017749,0.0011805,3
0.76269,0.79205,0.017612,0.00072177,3
0.7753,0.81007,0.017474,0.00017291,3
0.74618,0.76844,0.017062,4.867e-05,3
0.62082,0.58912,0.016924,2.5e-07,3
0.6074,0.56987,0.01665,6.8261e-06,3
0.35221,0.2048,0.016512,6.8261e-06,3
0.35738,0.21219,0.016375,7.0436e-05,3
0.36253,0.21958,0.016237,0.00017229,3
0.88814,0.62343,0.03537,0.00037391,3
0.8794,0.60816,0.035836,0.00062232,3
0.87063,0.5929,0.036305,0.001437,3
0.86187,0.57766,0.036772,0.0034286,3
0.85312,0.5624,0.037241,0.0062286,3
0.84438,0.54717,0.037707,0.010928,3
0.83562,0.5319,0.038176,0.011082,3
0.82685,0.51667,0.038643,0.011082,3
0.63427,0.18122,0.1132,0.015213,1
0.91923,0.5677,0.026223,0.019816,2
0.91488,0.55997,0.026668,0.025829,2
0.91052,0.55221,0.027113,0.032601,2
0.90618,0.54447,0.02756,0.039972,2
0.90184,0.53671,0.028006,0.048051,2
0.89748,0.52897,0.028451,0.05699,2
0.89312,0.52124,0.028896,0.067584,2
0.88879,0.51348,0.02934,0.081065,2
0.88443,0.50574,0.029786,0.099666,2
0.88009,0.49801,0.030234,0.12602,2
0.84965,0.44378,0.033352,0.14996,3
0.84531,0.43605,0.033798,0.17699,3
0.84095,0.42831,0.034243,0.20712,3
0.83661,0.42058,0.034686,0.24022,3
0.83226,0.41281,0.035132,0.27594,3
0.8279,0.40508,0.035578,0.31382,3
0.82356,0.39735,0.036024,0.35324,3
0.81922,0.38958,0.036469,0.39401,3
0.81486,0.38185,0.036915,0.43493,3
0.8105,0.37411,0.037361,0.48419,3
0.80617,0.36635,0.037807,0.52356,3
0.80183,0.35862,0.03825,0.56126,3
0.72355,0.21922,0.015275,0.59701,1
0.71921,0.21148,0.021197,0.63067,1
0.71485,0.20374,0.027122,0.66219,1
0.73913,0.24698,0.033044,0.69342,1
0.76343,0.29022,0.038965,0.72704,1
0.77943,0.31874,0.04489,0.76486,1
0.96278,0.227,0.026018,0.80299,1
0.96278,0.22703,0.026958,0.83623,1
0.96281,0.22705,0.027897,0.8651,1
0.96281,0.22708,0.028837,0.89076,1
0.96283,0.22711,0.029777,0.91392,1
0.96283,0.22714,0.030712,0.9344,2
0.96285,0.22717,0.031654,0.95129,2
0.96288,0.2272,0.032592,0.96503,2
0.96288,0.22723,0.033534,0.97601,2
0.9629,0.22725,0.034472,0.98317,2
0.9629,0.22728,0.035411,0.98886,2
0.96292,0.22731,0.036349,0.99325,2
0.96292,0.22734,0.037288,0.99598,2
0.96297,0.22737,0.038229,0.99796,2
0.96297,0.2274,0.039168,0.99904,2
0.96299,0.22743,0.040106,0.9997,2
0.96306,0.2276,0.045743,0.99997,3
0.96308,0.22763,0.046682,0.99987,3
0.96308,0.22766,0.04762,0.99943,3
0.96311,0.22769,0.048559,0.99904,3
0.96313,0.22772,0.049497,0.99904,3
0.96313,0.22775,0.050438,0.99675,3
0.96315,0.22778,0.051377,0.99446,3
0.96318,0.22781,0.052315,0.99163,3
0.96318,0.22783,0.053254,0.9888,3
0.9632,0.22786,0.054192,0.98361,3
0.96322,0.22789,0.055134,0.97727,3
0.96322,0.22792,0.056072,0.97229,3
0.9635,0.22847,0.15255,0.9673,1
0.9635,0.2285,0.1961,0.96228,1
0.96352,0.22853,0.23964,0.95963,1
0.96355,0.22856,0.28318,0.95963,1
0.96355,0.22858,0.32674,0.95677,1
0.97266,0.23825,0.019731,0.95391,1
0.97514,0.24389,0.019413,0.95103,1
0.97762,0.24953,0.019095,0.94815,1
0.9801,0.25517,0.018776,0.94716,1
0.98259,0.2608,0.018458,0.94716,1
0.98509,0.26645,0.01814,0.94615,2
0.98757,0.27209,0.017822,0.94615,2
0.99005,0.27773,0.017503,0.94515,2
0.99253,0.28337,0.017185,0.94415,2
0.99501,0.28901,0.016867,0.94214,2
0.9975,0.29463,0.016548,0.93811,2
1,0.30029,0.01623,0.93003,2
0.81336,0.43197,0.021822,0.9137,1
0.83573,0.46909,0.036006,0.89054,1
0.79186,0.39632,0.050189,0.87864,1
0.74801,0.32352,0.12757,0.86666,1
0.70414,0.25075,0.20494,0.85458,1
0.92169,0.47196,0.22258,0.84244,2
0.91365,0.45635,0.20731,0.83253,2
0.90558,0.4407,0.21167,0.83253,2
0.89753,0.42506,0.21167,0.82592,2
0.88946,0.40942,0.21167,0.81932,2
0.88141,0.39377,0.20731,0.81271,2
0.87334,0.37813,0.20294,0.8061,2
0.86528,0.36251,0.20731,0.79314,2
0.85723,0.34687,0.19857,0.77551,2
0.82231,0.27909,0.22258,0.75676,3
0.82231,0.27909,0.22476,0.74614,3
0.82231,0.27909,0.20512,0.73567,3
0.82231,0.27909,0.20512,0.72838,3
0.75515,0,0.15002,0.72118,1
0.86261,0.22697,0.14539,0.71578,1
0.88946,0.61733,0.20076,0.71043,2
0.88499,0.60881,0.19421,0.70737,2
0.80888,0.46373,0.070264,0.70432,1
0.79991,0.44668,0.1318,0.70291,1
0.79098,0.4296,0.19334,0.70291,1
0.78201,0.41255,0.25488,0.6999,1
0.89394,0.46268,0.1022,0.6969,1
0.84916,0.37924,0.13675,0.69628,1
0.80441,0.2958,0.1713,0.69628,1
0.75963,0.21237,0.20585,0.69543,1
0.7059,0.32211,0.12991,0.69458,1
0.73389,0.36787,0.15163,0.69373,1
0.76186,0.41361,0.17335,0.69288,1
0.78984,0.45937,0.19507,0.69106,1
0.81783,0.5051,0.21678,0.68992,1
0.84582,0.55086,0.23851,0.68992,1
0.87379,0.59662,0.26022,0.68961,2
0.80216,0.47949,0.0075162,0.68961,3
0.8935,0.62879,0.0068311,0.68961,3
0.86618,0.58417,0.0067282,0.68931,3
0.83886,0.53952,0.0068311,0.68901,3
0.81157,0.49487,0.0068311,0.68841,3
0.78426,0.45023,0.0847,0.6872,3
0.96283,0.37019,0.22694,0.68479,2
0.95455,0.35179,0.24004,0.67996,2
0.67903,0.38583,0.60178,0.67157,1
0.70143,0.42193,0.71789,0.66259,1
0.76547,0.52522,0.21603,0.65362,2
0.76445,0.52355,0.21822,0.64465,2
0.76341,0.52191,0.2204,0.6357,2
0.76237,0.52024,0.21822,0.62448,2
0.76134,0.51857,0.22476,0.60974,2
0.76032,0.5169,0.20949,0.59223,2
0.75928,0.51523,0.22258,0.58086,2
0.75826,0.51356,0.19421,0.56951,2
0.75722,0.51189,0.22258,0.55818,2
0.58054,0.22697,0.1833,0.54888,3
0.90052,0.16705,0.010296,0.53959,1
0.88499,0.1371,0.011307,0.53032,1
0.89069,0.071887,0.16475,0.52105,1
0.84111,0.22164,0.517,0.5118,1
0.8438,0.22697,0.61612,0.50256,1
0.91634,0.37074,0.19203,0.50214,3
0.91056,0.53691,0.0084441,0.50214,2
0.87845,0.45942,0.0091081,0.49291,2
0.78201,0.22697,0.15107,0.4837,3
0.78201,0.22697,0.17966,0.47659,3
0.78201,0.22697,0.0085304,0.46696,3
0.78201,0.22697,0.0091081,0.4638,3
0.78201,0.22697,0.0087286,0.46064,3
0.78201,0.22697,0.0084559,0.45457,3
0.92304,0.567,0.008365,0.4486,3
0.90827,0.53138,0.026731,0.4486,1
0.78022,0.22697,0.071352,0.43784,1
0.80499,0.2746,0.081359,0.42709,1
0.82977,0.32223,0.091366,0.40612,1
0.85454,0.36987,0.10137,0.39012,1
0.8793,0.4175,0.11138,0.37783,1
0.90409,0.46514,0.12138,0.36555,2
0.92886,0.51277,0.13139,0.3533,2
0.93424,0.3447,0.058917,0.34106,1
0.86261,0.1998,0.48717,0.32884,1
0.73275,0.34303,0.72261,0.32853,2
0.66919,0.23601,0.63337,0.32853,3
0.67008,0.23752,0.22694,0.32749,3
0.67098,0.23903,0.24004,0.32641,3
0.67186,0.24053,0.21603,0.32531,3
0.67277,0.24204,0.063281,0.3242,3
0.90493,0.19818,0.10162,0.32049,1
0.89048,0.16939,0.11976,0.31343,1
0.87603,0.1406,0.13791,0.3048,1
0.6989,0.16778,0.29134,0.29484,1
0.71318,0.1987,0.34534,0.28335,1
0.72744,0.22962,0.39936,0.27015,1
0.74173,0.26055,0.45335,0.25502,1
0.77194,0.32604,0.50735,0.23779,1
0.80216,0.39152,0.56137,0.21829,2
0.83237,0.45699,0.0073053,0.19644,2
0.86261,0.5225,0.0072106,0.17802,2
0.89282,0.58795,0.0069431,0.15829,2
0.87082,0.54028,0.0085389,0.1415,3
0.91634,0.4221,0.0079247,0.12413,3
0.88499,0.35706,0.008365,0.10639,3
0.85363,0.29202,0.015275,0.09156,3
0.82231,0.22697,0.0073399,0.076903,3
0.79098,0.16192,0.0086248,0.062674,3
0.75963,0.096871,0.0085468,0.049171,3
0.72828,0.031822,0.0083491,0.03672,3
0.94766,0.48717,0.0080922,0.025651,3
0.72605,0.248,0.16039,0.017317,2
0.75179,0.29639,0.19367,0.012275,2
0.77753,0.34476,0.22694,0.0080558,2
0.80327,0.39316,0.19421,0.005805,2
0.82903,0.44152,0.1593,0.0039177,2
0.85477,0.48992,0.12002,0.0029812,2
0.88051,0.53829,0.19857,0.0021725,2
0.90625,0.58666,0.17894,0.0018871,2
0.71485,0.22697,0.28368,0.0018871,3
0.71692,0.23085,0.25749,0.0018541,3
0.71898,0.23473,0.25749,0.0018541,3
0.72107,0.23862,0.25095,0.001814,3
0.72517,0.24638,0.24222,0.0017743,3
0.72726,0.25027,0.23349,0.0017627,3
0.72932,0.25415,0.23785,0.0017627,3
0.76858,0.32794,0.24512,0.0016854,1
0.80552,0.24652,0.55518,0.0016099,1
0.80888,0.25303,0.66196,0.0014661,1
0.82231,0.27909,0.60615,0.0011957,3
0.96781,0.23615,0.28004,0.00073698,3
0.94676,0.27162,0.019836,0.00018811,1
0.94643,0.27091,0.019541,6.3879e-05,1
0.94609,0.2702,0.019245,1.5459e-05,1
0.94574,0.26949,0.01895,2.2035e-05,1
0.94541,0.26878,0.018655,2.2035e-05,1
0.94507,0.26808,0.018359,2.2035e-05,2
0.94474,0.26737,0.018064,8.5644e-05,2
0.94439,0.26666,0.017769,0.0001875,2
0.94405,0.26595,0.017474,0.00038911,2
0.94372,0.26524,0.017178,0.00063752,2
0.94337,0.26453,0.016883,0.0014522,2
0.94303,0.26382,0.016588,0.0034438,2
0.9427,0.26311,0.016292,0.0062438,2
0.94235,0.2624,0.015997,0.010943,2
0.94201,0.2617,0.015702,0.011097,2
0.94168,0.26099,0.015406,0.011097,2
0.93962,0.25674,0.013634,0.015228,3
0.93929,0.25603,0.013339,0.019831,3
0.93897,0.25532,0.013044,0.025844,3
0.93862,0.25461,0.012748,0.032616,3
0.93827,0.2539,0.012453,0.039987,3
0.93795,0.25319,0.012158,0.048066,3
0.9376,0.25248,0.011862,0.057005,3
0.93728,0.25178,0.011567,0.067599,3
0.9369,0.25107,0.011272,0.08108,3
0.93658,0.25036,0.010976,0.099681,3
0.93626,0.24965,0.010681,0.12603,3
0.93046,0.2376,0.0056606,0.14997,1
0.93013,0.23689,0.005365,0.177,1
0.92979,0.23618,0.0050697,0.20714,1
0.92944,0.23547,0.0047746,0.24023,1
0.92911,0.23476,0.004479,0.27596,1
0.92877,0.23405,0.0041839,0.31384,1
0.94646,0.26887,0.019582,0.35326,1
0.94613,0.26821,0.019295,0.39354,1
0.94581,0.26756,0.019008,0.43705,1
0.94548,0.2669,0.01872,0.47993,1
0.94516,0.26625,0.018434,0.5231,1
0.94483,0.26559,0.018146,0.56429,2
0.94449,0.26494,0.017859,0.60313,2
0.94416,0.26428,0.017572,0.63945,2
0.94384,0.26363,0.017285,0.67323,2
0.94349,0.26298,0.016998,0.70452,2
0.94317,0.26232,0.016711,0.73789,2
0.94284,0.26167,0.016423,0.77789,2
0.94252,0.26101,0.016136,0.8155,2
0.94219,0.26036,0.015849,0.84809,2
0.94184,0.2597,0.015562,0.87621,2
0.93952,0.25512,0.013552,0.90064,3
0.93922,0.25446,0.013265,0.92144,3
0.93888,0.25381,0.012978,0.94052,3
0.93855,0.25316,0.012691,0.9562,3
0.93823,0.2525,0.012404,0.96891,3
0.9379,0.25185,0.012117,0.97901,3
0.93755,0.25119,0.01183,0.98547,3
0.93723,0.25054,0.011542,0.99057,3
0.9369,0.24988,0.011255,0.99446,3
0.93656,0.24923,0.010968,0.99681,3
0.93626,0.24857,0.010681,0.99848,3
0.9303,0.23679,0.0055128,0.99934,1
0.92997,0.23613,0.0052257,0.99984,1
0.92965,0.23548,0.0049386,1,1
0.92932,0.23482,0.0046514,0.99984,1
0.92897,0.23417,0.0043643,0.99938,1
0.94678,0.27248,0.019853,0.99906,1
0.94646,0.27177,0.019562,0.99906,1
0.94611,0.27106,0.019271,0.99692,1
0.94579,0.27035,0.018979,0.99477,1
0.94544,0.26964,0.018688,0.99194,1
0.94511,0.26893,0.018397,0.9891,2
0.94477,0.26822,0.018106,0.98392,2
0.94444,0.26751,0.017815,0.97759,2
0.94409,0.2668,0.017524,0.97261,2
0.94377,0.26609,0.017232,0.96761,2
0.94342,0.26537,0.016941,0.96259,2
0.94312,0.26466,0.01665,0.95965,2
0.94277,0.26395,0.016359,0.95965,2
0.94245,0.26324,0.016068,0.95679,2
0.9421,0.26253,0.015776,0.95392,2
0.94177,0.26182,0.015486,0.95105,2
0.93941,0.25684,0.013447,0.94817,3
0.93908,0.25613,0.013156,0.94717,3
0.93876,0.25542,0.012865,0.94717,3
0.93841,0.2547,0.012574,0.94617,3
0.93809,0.25399,0.012282,0.94617,3
0.93774,0.25328,0.011991,0.94517,3
0.93741,0.25257,0.0117,0.94416,3
0.93707,0.25186,0.011409,0.94216,3
0.93674,0.25115,0.011118,0.93813,3
0.93639,0.25044,0.010827,0.93005,3
0.93607,0.24973,0.010536,0.91373,3
0.93006,0.23693,0.0052943,0.89056,1
0.92972,0.23621,0.0050034,0.87867,1
0.92939,0.2355,0.0047121,0.86668,1
0.92904,0.23479,0.0044209,0.8546,1
0.92872,0.23408,0.0041297,0.84246,1
0.92837,0.23337,0.0038388,0.83254,1
0.94637,0.2669,0.019498,0.83254,1
0.94602,0.26624,0.019193,0.82594,1
0.94567,0.26557,0.018889,0.81933,1
0.94532,0.26491,0.018586,0.81273,1
0.94497,0.26424,0.018281,0.80612,1
0.94463,0.26358,0.017978,0.79316,2
0.94428,0.26291,0.017673,0.77553,2
0.94393,0.26224,0.01737,0.75812,2
0.94358,0.26158,0.017065,0.74682,2
0.94323,0.26091,0.016761,0.73769,2
0.94289,0.26025,0.016457,0.72869,2
0.94254,0.25958,0.016153,0.72229,2
0.94219,0.25891,0.015849,0.71597,2
0.94182,0.25825,0.015545,0.71147,2
0.94147,0.25758,0.015241,0.707,2
0.94112,0.25692,0.014937,0.70536,2
0.93904,0.25292,0.013113,0.70338,3
0.93869,0.25226,0.012809,0.70292,3
0.93834,0.25159,0.012505,0.70292,3
0.93799,0.25093,0.012201,0.69946,3
0.93765,0.25026,0.011897,0.69629,3
0.9373,0.2496,0.011593,0.69629,3
0.93695,0.24893,0.011289,0.69543,3
0.9366,0.24827,0.010985,0.69456,3
0.93626,0.2476,0.010681,0.69369,3
0.93588,0.24694,0.010377,0.69282,3
0.93554,0.24627,0.010073,0.69099,3
0.93519,0.2456,0.0097692,0.68993,3
0.93484,0.24494,0.0094651,0.68993,3
0.93449,0.24427,0.0091609,0.68963,3
0.93414,0.24361,0.0088568,0.68963,3
0.9338,0.24294,0.008553,0.68933,3
0.93169,0.23895,0.0067287,0.68902,1
0.93134,0.23828,0.0064249,0.68842,1
0.93099,0.23762,0.0061211,0.68721,1
0.93064,0.23695,0.0058166,0.6848,1
0.9303,0.23629,0.0055128,0.67998,1
0.92995,0.23562,0.0052087,0.67159,1
0.9296,0.23495,0.0049048,0.66261,1
0.92925,0.23429,0.004601,0.65363,1
0.9289,0.23362,0.0042966,0.64467,1
0.92856,0.23296,0.0039927,0.63571,1
0.92821,0.23229,0.0036886,0.62449,1
0.92786,0.23163,0.0033848,0.60975,1
0.92749,0.23096,0.0030806,0.59224,1
0.92714,0.2303,0.0027766,0.58087,1
0.92679,0.22963,0.0024726,0.56952,1
0.92645,0.22897,0.0021686,0.55819,1
0.94657,0.26886,0.019674,0.54889,1
0.94627,0.26825,0.019407,0.5396,1
0.94597,0.26765,0.019138,0.53033,1
0.94567,0.26704,0.01887,0.52085,1
0.94534,0.26643,0.018601,0.51138,1
0.94504,0.26582,0.018333,0.50215,2
0.94474,0.26522,0.018064,0.50215,2
0.94442,0.26461,0.017796,0.49271,2
0.94412,0.264,0.017527,0.48328,2
0.94381,0.2634,0.017259,0.47386,2
0.94349,0.26279,0.01699,0.46735,2
0.94319,0.26218,0.016722,0.46457,2
0.94289,0.26157,0.016453,0.46005,2
0.94256,0.26097,0.016185,0.45026,2
0.94226,0.26036,0.015916,0.44862,2
0.94196,0.25975,0.015648,0.44862,2
0.9401,0.25611,0.014037,0.44862,3
0.93978,0.2555,0.013768,0.43534,3
0.93948,0.2549,0.0135,0.42209,3
0.93918,0.25429,0.013232,0.40115,3
0.93885,0.25368,0.012963,0.38644,3
0.93855,0.25307,0.012695,0.37456,3
0.93825,0.25247,0.012426,0.36268,3
0.93795,0.25186,0.012158,0.35083,3
0.93762,0.25125,0.011889,0.339,3
0.93732,0.25064,0.011621,0.32855,3
0.93702,0.25004,0.011352,0.32855,3
0.9367,0.24943,0.011084,0.3275,3
0.93639,0.24883,0.010815,0.32643,3
0.93609,0.24822,0.010547,0.32533,3
0.92992,0.23608,0.0051773,0.32421,1
0.9296,0.23547,0.0049086,0.3205,1
0.9293,0.23486,0.0046403,0.31345,1
0.929,0.23425,0.0043716,0.30481,1
0.92867,0.23364,0.0041033,0.29485,1
0.94685,0.26833,0.019914,0.28337,1
0.94653,0.26772,0.019639,0.27016,1
0.94623,0.26711,0.019364,0.25503,1
0.9459,0.26651,0.019088,0.2378,1
0.9456,0.2659,0.018813,0.21831,1
0.94528,0.26529,0.018537,0.19645,1
0.94495,0.26468,0.018261,0.17803,2
0.94465,0.26407,0.017985,0.1583,2
0.94432,0.26346,0.01771,0.14152,2
0.944,0.26286,0.017434,0.12414,2
0.94368,0.26225,0.017159,0.1064,2
0.94337,0.26164,0.016883,0.091573,2
0.94305,0.26103,0.016607,0.076915,2
0.94272,0.26042,0.016332,0.062687,2
0.94242,0.25981,0.016056,0.049184,2
0.9421,0.2592,0.015781,0.036609,2
0.9399,0.25495,0.013851,0.024515,3
0.93957,0.25434,0.013575,0.016785,3
0.93925,0.25373,0.013299,0.011882,3
0.93892,0.25312,0.013024,0.0077862,3
0.93862,0.25252,0.012748,0.0056263,3
0.9383,0.25191,0.012473,0.0038141,3
0.93797,0.2513,0.012197,0.0029316,3
0.93767,0.25069,0.011922,0.0021662,3
0.93734,0.25008,0.011646,0.0019157,3
0.93704,0.24947,0.01137,0.0019157,3
0.93672,0.24887,0.011095,0.0018819,3
0.93037,0.2367,0.0055817,0.0018819,1
0.93006,0.23609,0.005306,0.0018418,1
0.92974,0.23548,0.0050306,0.0018022,1
0.92944,0.23487,0.0047547,0.0017905,1
0.92911,0.23427,0.004479,0.0017905,1
0.92879,0.23366,0.0042036,0.0017133,1
0.94678,0.27248,0.019853,0.0016378,1
0.94646,0.27177,0.019562,0.001494,1
0.94611,0.27106,0.019271,0.0012235,1
0.94579,0.27035,0.018979,0.00076484,1
0.94544,0.26964,0.018688,0.00021598,1
0.94511,0.26893,0.018397,9.1737e-05,2
0.94477,0.26822,0.018106,4.3314e-05,2
0.94444,0.26751,0.017815,4.9888e-05,2
0.94409,0.2668,0.017524,4.9888e-05,2
0.94377,0.26609,0.017232,0.00011349,2
0.94342,0.26537,0.016941,0.00021535,2
0.94312,0.26466,0.01665,0.00041695,2
0.94277,0.26395,0.016359,0.00066535,2
0.94245,0.26324,0.016068,0.00148,2
0.9421,0.26253,0.015776,0.0034716,2
0.94177,0.26182,0.015486,0.0067059,2
0.93976,0.25755,0.013738,0.011114,3
0.93941,0.25684,0.013447,0.011114,3
0.93908,0.25613,0.013156,0.015215,3
0.93876,0.25542,0.012865,0.019783,3
0.93841,0.2547,0.012574,0.02577,3
0.93809,0.25399,0.012282,0.032541,3
0.93774,0.25328,0.011991,0.039913,3
0.93741,0.25257,0.0117,0.047995,3
0.93707,0.25186,0.011409,0.056921,3
0.93674,0.25115,0.011118,0.067487,3
0.93639,0.25044,0.010827,0.080931,3
0.93607,0.24973,0.010536,0.099463,3
0.93006,0.23693,0.0052943,0.12581,1
0.92972,0.23621,0.0050034,0.14973,1
0.92939,0.2355,0.0047121,0.17674,1
0.92904,0.23479,0.0044209,0.20686,1
0.92872,0.23408,0.0041297,0.23995,1
0.94681,0.26923,0.019884,0.27567,1
0.94648,0.26859,0.019602,0.31355,1
0.94618,0.26796,0.019318,0.35298,1
0.94586,0.26731,0.019035,0.39328,1
0.94551,0.26667,0.018752,0.43676,1
0.94518,0.26603,0.018469,0.47962,1
0.94486,0.26539,0.018185,0.52283,2
0.94453,0.26475,0.017902,0.56407,2
0.94423,0.26411,0.017619,0.60295,2
0.94388,0.26347,0.017336,0.63932,2
0.94356,0.26283,0.017053,0.67314,2
0.94323,0.26219,0.01677,0.70446,2
0.94291,0.26155,0.016486,0.73782,2
0.94259,0.26091,0.016203,0.77777,2
0.94226,0.26027,0.01592,0.81539,2
0.94194,0.25963,0.015637,0.84799,2
0.94161,0.25899,0.015354,0.87611,2
0.93966,0.25514,0.013655,0.90026,3
0.93934,0.25451,0.013371,0.92205,3
0.93901,0.25386,0.013088,0.94031,3
0.93867,0.25323,0.012805,0.95552,3
0.93834,0.25258,0.012522,0.96794,3
0.93804,0.25194,0.012239,0.97792,3
0.93772,0.2513,0.011955,0.98572,3
0.93739,0.25066,0.011672,0.99053,3
0.93704,0.25002,0.011389,0.99424,3
0.93672,0.24938,0.011106,0.99697,3
0.93639,0.24874,0.010823,0.99844,3
0.93609,0.2481,0.010539,0.99941,3
0.9302,0.23657,0.0054421,0.99985,1
0.9299,0.23593,0.0051588,1,1
0.92958,0.23529,0.0048755,0.99988,1
0.92925,0.23465,0.0045922,0.9995,1
0.9289,0.23401,0.0043092,0.99906,1
0.94699,0.27034,0.020032,0.99906,1
0.94671,0.26977,0.019788,0.99599,1
0.94643,0.2692,0.019541,0.99291,1
0.94613,0.26863,0.019295,0.98982,1
0.94586,0.26806,0.019049,0.98673,1
0.94558,0.26749,0.018803,0.98151,2
0.9453,0.26692,0.018556,0.97627,2
0.94502,0.26634,0.01831,0.97101,2
0.94474,0.26578,0.018064,0.96573,2
0.94444,0.2652,0.017818,0.96156,2
0.94416,0.26463,0.017572,0.95965,2
0.94388,0.26406,0.017326,0.95965,2
0.94358,0.26349,0.01708,0.95695,2
0.9433,0.26292,0.016834,0.95424,2
0.94303,0.26235,0.016588,0.95153,2
0.94275,0.26178,0.016341,0.94882,2
0.94106,0.25836,0.014865,0.94717,3
0.94078,0.25779,0.014619,0.94717,3
0.9405,0.25722,0.014373,0.94616,3
0.9402,0.25664,0.014126,0.94616,3
0.93992,0.25607,0.01388,0.94516,3
0.93962,0.2555,0.013634,0.94416,3
0.93934,0.25493,0.013388,0.94215,3
0.93906,0.25436,0.013142,0.93812,3
0.93878,0.25379,0.012896,0.93003,3
0.9385,0.25322,0.01265,0.9137,3
0.93823,0.25265,0.012404,0.89055,3
0.93795,0.25208,0.012158,0.87865,3
0.93057,0.23724,0.0057589,0.86666,1
0.9303,0.23667,0.0055128,0.85459,1
0.93002,0.2361,0.0052667,0.84245,1
0.92974,0.23553,0.0050207,0.83254,1
0.92944,0.23496,0.0047746,0.83254,1
0.92916,0.23439,0.0045283,0.82594,1
0.94657,0.26852,0.019674,0.81933,1
0.94627,0.26791,0.019407,0.81272,1
0.94597,0.26731,0.019138,0.80612,1
0.94567,0.26671,0.01887,0.79315,1
0.94534,0.26611,0.018601,0.77552,1
0.94504,0.26551,0.018333,0.75677,2
0.94474,0.2649,0.018064,0.74615,2
0.94442,0.2643,0.017796,0.73569,2
0.94412,0.2637,0.017527,0.7284,2
0.94381,0.2631,0.017259,0.72119,2
0.94349,0.26249,0.01699,0.71579,2
0.94319,0.26189,0.016722,0.71044,2
0.94289,0.26129,0.016453,0.70738,2
0.94256,0.26069,0.016185,0.70434,2
0.94226,0.26009,0.015916,0.70292,2
0.94196,0.25949,0.015648,0.70292,2
0.94163,0.25888,0.015379,0.69991,2
0.93978,0.25527,0.013768,0.69692,3
0.93948,0.25467,0.0135,0.69629,3
0.93918,0.25406,0.013232,0.69629,3
0.93885,0.25346,0.012963,0.69544,3
0.93855,0.25286,0.012695,0.69459,3
0.93825,0.25226,0.012426,0.69374,3
0.93795,0.25166,0.012158,0.69289,3
0.93762,0.25105,0.011889,0.69107,3
0.93732,0.25045,0.011621,0.68993,3
0.93702,0.24985,0.011352,0.68993,3
0.9367,0.24925,0.011084,0.68963,3
0.93639,0.24864,0.010815,0.68963,3
0.93609,0.24804,0.010547,0.68933,3
0.92992,0.236,0.0051773,0.68902,1
0.9296,0.2354,0.0049086,0.68842,1
0.9293,0.2348,0.0046403,0.68721,1
0.929,0.23419,0.0043716,0.6848,1
0.92867,0.23359,0.0041033,0.67998,1
0.94685,0.28327,0.019914,0.67159,1
0.94653,0.28245,0.019639,0.6626,1
0.94623,0.28162,0.019364,0.65363,1
0.9459,0.28079,0.019088,0.64467,1
0.9456,0.27996,0.018813,0.63571,1
0.94528,0.27914,0.018537,0.62449,1
0.94495,0.27831,0.018261,0.60975,2
0.94465,0.27748,0.017985,0.59224,2
0.94432,0.27665,0.01771,0.58087,2
0.944,0.27582,0.017434,0.56952,2
0.94368,0.275,0.017159,0.55819,2
0.94337,0.27417,0.016883,0.54889,2
0.94305,0.27334,0.016607,0.5396,2
0.94272,0.27251,0.016332,0.53033,2
0.94242,0.27168,0.016056,0.52085,2
0.9421,0.27086,0.015781,0.51137,2
0.9418,0.27003,0.015505,0.50215,2
0.93957,0.26423,0.013575,0.50215,3
0.93925,0.2634,0.013299,0.49271,3
0.93892,0.26257,0.013024,0.48328,3
0.93862,0.26174,0.012748,0.47386,3
0.9383,0.26092,0.012473,0.46735,3
0.93797,0.26009,0.012197,0.46457,3
0.93767,0.25926,0.011922,0.46005,3
0.93734,0.25843,0.011646,0.45026,3
0.93704,0.25761,0.01137,0.44862,3
0.93672,0.25678,0.011095,0.44862,3
0.93639,0.25595,0.010819,0.43534,3
0.93006,0.23939,0.005306,0.42209,1
0.92974,0.23856,0.0050306,0.40115,1
0.92944,0.23773,0.0047547,0.38644,1
0.92911,0.2369,0.004479,0.37455,1
0.92879,0.23608,0.0042036,0.36268,1
0.92849,0.23525,0.0039279,0.35083,1
0.94681,0.27387,0.019884,0.33899,1
0.94648,0.27316,0.019602,0.32855,1
0.94618,0.27245,0.019318,0.32855,1
0.94586,0.27174,0.019035,0.3275,1
0.94551,0.27103,0.018752,0.32643,1
0.94518,0.27032,0.018469,0.32533,1
0.94486,0.26961,0.018185,0.32421,2
0.94453,0.2689,0.017902,0.3205,2
0.94423,0.26819,0.017619,0.31345,2
0.94388,0.26748,0.017336,0.30481,2
0.94356,0.26677,0.017053,0.29485,2
0.94323,0.26606,0.01677,0.28336,2
0.94291,0.26535,0.016486,0.27016,2
0.94259,0.26463,0.016203,0.25503,2
0.94226,0.26392,0.01592,0.2378,2
0.94194,0.26321,0.015637,0.2183,2
0.94161,0.2625,0.015354,0.19645,2
0.93966,0.25824,0.013655,0.17803,3
0.93934,0.25753,0.013371,0.1583,3
0.93901,0.25682,0.013088,0.14152,3
0.93867,0.25611,0.012805,0.12414,3
0.93834,0.2554,0.012522,0.1064,3
0.93804,0.25468,0.012239,0.091572,3
0.93772,0.25397,0.011955,0.076915,3
0.93739,0.25326,0.011672,0.062686,3
0.93704,0.25255,0.011389,0.049184,3
0.93672,0.25184,0.011106,0.036608,3
0.93639,0.25113,0.010823,0.02545,3
0.9302,0.23763,0.0054421,0.016034,1
0.9299,0.23692,0.0051588,0.011509,1
0.92958,0.23621,0.0048755,0.0077004,1
0.92925,0.2355,0.0045922,0.0055383,1
0.9289,0.23478,0.0043092,0.0037296,1
0.9469,0.26816,0.019958,0.0028585,1
0.9466,0.26758,0.019692,0.0021043,1
0.9463,0.267,0.019427,0.0019177,1
0.94599,0.26642,0.019162,0.0019177,1
0.94569,0.26584,0.018897,0.0018848,1
0.94537,0.26526,0.018632,0.0018848,2
0.94509,0.26468,0.018367,0.0018446,2
0.94477,0.2641,0.018102,0.001805,2
0.94446,0.26352,0.017837,0.0017934,2
0.94416,0.26294,0.017572,0.0017934,2
0.94386,0.26236,0.017307,0.0017161,2
0.94356,0.26178,0.017042,0.0016406,2
0.94323,0.2612,0.016777,0.0014968,2
0.94296,0.26062,0.016512,0.0012263,2
0.94263,0.26004,0.016247,0.00076765,2
0.94233,0.25946,0.015982,0.00021879,2
0.9405,0.25598,0.014392,9.4554e-05,3
0.9402,0.2554,0.014126,4.6132e-05,3
0.9399,0.25482,0.013861,5.2707e-05,3
0.93959,0.25424,0.013597,5.2707e-05,3
0.93929,0.25366,0.013331,0.00011631,3
0.93899,0.25308,0.013067,0.00021817,3
0.93867,0.2525,0.012801,0.00041977,3
0.93837,0.25192,0.012536,0.00066817,3
0.93806,0.25134,0.012271,0.0014828,3
0.93776,0.25076,0.012006,0.0034744,3
0.93746,0.25018,0.011741,0.0067088,3
0.93716,0.2496,0.011476,0.011117,3
0.93046,0.23683,0.0056454,0.011117,1
0.93016,0.23625,0.0053802,0.015218,1
0.92983,0.23567,0.0051151,0.019786,1
0.92953,0.23509,0.0048503,0.025772,1
0.92923,0.23451,0.0045852,0.032544,1
0.99947,0.28085,0.019912,0.039916,1
0.213,0.50724,0.39933,0.047998,3
0.36863,0.70387,0.1222,0.056924,1
0.28598,0.44486,0.026893,0.06749,1
0.32144,0.49156,0.025418,0.080934,1
0.35689,0.53829,0.023943,0.099466,1
0.39237,0.58496,0.022467,0.12581,1
0.42783,0.63169,0.020992,0.14973,1
0.94678,0.27416,0.019853,0.17674,1
0.94646,0.27343,0.019562,0.20687,1
0.94611,0.27269,0.019271,0.23995,1
0.94579,0.27195,0.018979,0.27567,1
0.94544,0.27122,0.018688,0.31355,1
0.94511,0.27048,0.018397,0.35298,2
0.94477,0.26974,0.018106,0.39373,2
0.94444,0.269,0.017815,0.43741,2
0.94409,0.26827,0.017524,0.48045,2
0.94377,0.26753,0.017232,0.52357,2
0.94342,0.26679,0.016941,0.56471,2
0.94312,0.26605,0.01665,0.6035,2
0.94277,0.26532,0.016359,0.63978,2
0.94245,0.26458,0.016068,0.67351,2
0.9421,0.26384,0.015776,0.70476,2
0.94177,0.2631,0.015486,0.73816,2
0.93976,0.25868,0.013738,0.77825,3
0.93941,0.25794,0.013447,0.81584,3
0.93908,0.2572,0.013156,0.8484,3
0.93876,0.25647,0.012865,0.87649,3
0.93841,0.25573,0.012574,0.9006,3
0.93809,0.25499,0.012282,0.92235,3
0.93774,0.25425,0.011991,0.94057,3
0.93741,0.25352,0.0117,0.95573,3
0.93707,0.25278,0.011409,0.96811,3
0.93674,0.25204,0.011118,0.97804,3
0.93639,0.2513,0.010827,0.98582,3
0.93006,0.23729,0.0052943,0.9906,1
0.92972,0.23655,0.0050034,0.99429,1
0.92939,0.23582,0.0047121,0.997,1
0.92904,0.23508,0.0044209,0.99846,1
0.92872,0.23434,0.0041297,0.99942,1
0.84285,0.72166,0.016167,0.99985,2
0.83406,0.70827,0.015763,1,2
0.82528,0.69491,0.015359,0.99988,2
0.81651,0.68155,0.014955,0.99949,2
0.80774,0.66816,0.014551,0.99906,2
0.79898,0.6548,0.014146,0.99906,2
0.79019,0.64144,0.013742,0.99906,2
0.78143,0.62805,0.013338,0.99709,2
0.72,0.53445,0.010509,0.99511,3
0.71123,0.52109,0.010105,0.99227,3
0.70245,0.50773,0.0097003,0.98944,3
0.69368,0.49435,0.0092961,0.98425,3
0.68492,0.48099,0.008892,0.97792,3
0.67615,0.46763,0.0084878,0.97295,3
0.66736,0.45424,0.0080837,0.96795,3
0.6586,0.44088,0.0076796,0.96294,3
0.64981,0.42752,0.0072754,0.95965,3
0.64104,0.41413,0.0068713,0.95965,3
0.63226,0.40077,0.0064671,0.95679,3
0.62349,0.38739,0.0060627,0.95392,3
0.076253,0.18722,0,0.95105,1
0.1373,0.27321,0,0.94817,1
0.1373,0.27321,0,0.94717,1
0.26087,0.4473,0.30551,0.94717,1
0.29848,0.50026,0,0.94617,1
0.45697,0.72353,0,0.94617,1
0.032832,0.12606,0,0.94517,1
0.94704,0.2713,0.020078,0.94416,1
0.94678,0.27074,0.019842,0.94216,1
0.9465,0.27019,0.019608,0.93813,1
0.94623,0.26963,0.019373,0.93005,1
0.94597,0.26908,0.019138,0.91373,1
0.94569,0.26852,0.018903,0.89056,1
0.94541,0.26797,0.018668,0.87867,1
0.94516,0.26742,0.018434,0.86668,1
0.94488,0.26687,0.018198,0.8546,1
0.9446,0.26631,0.017964,0.84246,1
0.94435,0.26576,0.017729,0.83254,1
0.94407,0.2652,0.017494,0.83254,1
0.94381,0.26465,0.017259,0.82594,1
0.94354,0.26409,0.017024,0.81933,1
0.94326,0.26354,0.016789,0.81273,2
0.94298,0.26299,0.016554,0.80612,2
0.94272,0.26243,0.016319,0.79316,2
0.94245,0.26188,0.016084,0.77553,2
0.94219,0.26132,0.015849,0.75812,2
0.94191,0.26077,0.015614,0.74682,2
0.94163,0.26022,0.015379,0.73769,2
0.94138,0.25966,0.015144,0.72869,2
0.9411,0.25911,0.01491,0.72229,2
0.94085,0.25855,0.014675,0.71597,2
0.94054,0.258,0.01444,0.71147,2
0.93867,0.25412,0.012795,0.707,3
0.93841,0.25357,0.01256,0.70536,3
0.93813,0.25301,0.012325,0.70338,3
0.93786,0.25246,0.012091,0.70292,3
0.93758,0.2519,0.011856,0.70292,3
0.93732,0.25135,0.011621,0.69946,3
0.93704,0.25079,0.011386,0.69629,3
0.93679,0.25024,0.011151,0.69629,3
0.93651,0.24969,0.010916,0.69543,3
0.93626,0.24913,0.010681,0.69456,3
0.93598,0.24858,0.010446,0.69369,3
0.9357,0.24802,0.010211,0.69282,3
0.93542,0.24747,0.0099762,0.69099,3
0.92976,0.23583,0.005043,0.68993,1
0.92948,0.23528,0.004808,0.68993,1
0.92923,0.23472,0.0045731,0.68963,1
0.92895,0.23417,0.0043382,0.68963,1
0.92867,0.23362,0.0041033,0.68933,1
0.41936,0.3977,0,0.68902,1
0.29997,0.22907,0,0.68842,1
0.329,0.27008,0,0.68721,1
0.30184,0.23171,0,0.6848,1
0.66725,0.74776,0,0.67998,1
0.5865,0.63377,0,0.67159,1
0.68605,0.84066,0.013428,0.66261,3
0.67597,0.82604,0.013136,0.65363,3
0.66588,0.81142,0.012844,0.64467,3
0.65581,0.79683,0.012552,0.63571,3
0.64573,0.78221,0.01226,0.62449,3
0.63564,0.76759,0.011968,0.60975,3
0.62555,0.75297,0.011676,0.59224,3
0.61549,0.73838,0.011385,0.58087,3
0.6054,0.72377,0.011092,0.56952,3
0.59532,0.70915,0.010801,0.55819,3
0.58523,0.69453,0.010509,0.54889,3
0.4038,0.43153,0.0052544,0.53961,1
0.39372,0.41692,0.0049623,0.53033,1
0.38365,0.4023,0.0046708,0.52085,1
0.37357,0.38768,0.0043787,0.51138,1
0.36348,0.37309,0.0040869,0.50215,1
0.35339,0.35847,0.0037948,0.50215,1
0.72362,0.91191,0.013617,0.49271,3
0.71464,0.89559,0.013321,0.48328,3
0.70567,0.8793,0.013025,0.47386,3
0.6967,0.86298,0.012729,0.46735,3
0.6877,0.84666,0.012433,0.46457,3
0.67872,0.83037,0.012137,0.46005,3
0.66975,0.81406,0.011841,0.45026,3
0.66078,0.79774,0.011545,0.44862,3
0.6518,0.78148,0.011249,0.44862,3
0.64283,0.76516,0.010953,0.43534,3
0.63383,0.74884,0.010657,0.42209,3
0.62486,0.73252,0.010361,0.40115,3
0.46321,0.43898,0.0050324,0.38645,1
0.45424,0.42266,0.0047365,0.37456,1
0.44526,0.40637,0.0044403,0.36268,1
0.43629,0.39005,0.0041444,0.35083,1
0.42729,0.37373,0.0038481,0.339,1
0.93519,0.53636,0.020013,0.32855,1
0.93261,0.53146,0.019812,0.32855,1
0.93002,0.52654,0.019611,0.3275,1
0.92744,0.52162,0.01941,0.32643,1
0.92485,0.51673,0.019209,0.32533,1
0.92225,0.51181,0.019008,0.32421,2
0.91968,0.50688,0.018807,0.3205,2
0.91708,0.50199,0.018606,0.31345,2
0.9145,0.49707,0.018405,0.30481,2
0.91191,0.49218,0.018204,0.29485,2
0.90931,0.48726,0.018003,0.28337,2
0.90674,0.48233,0.017802,0.27016,2
0.90414,0.47744,0.017601,0.25503,2
0.90157,0.47252,0.0174,0.2378,2
0.89897,0.4676,0.017199,0.21831,2
0.88346,0.43816,0.015993,0.19645,3
0.88086,0.43323,0.015792,0.17803,3
0.87828,0.42831,0.015591,0.1583,3
0.87569,0.42342,0.01539,0.14152,3
0.87311,0.4185,0.015189,0.12414,3
0.87052,0.41358,0.014988,0.1064,3
0.86794,0.40868,0.014787,0.091573,3
0.86534,0.40376,0.014586,0.076916,3
0.86275,0.39887,0.014385,0.062687,3
0.86017,0.39395,0.014184,0.049185,3
0.85758,0.38903,0.013983,0.036609,3
0.855,0.38413,0.013782,0.024515,3
0.80844,0.29572,0.010164,0.016783,1
0.80584,0.29081,0.0099633,0.011881,1
0.80327,0.2859,0.0097621,0.0077859,1
0.80067,0.28099,0.0095613,0.005626,1
0.79808,0.27608,0.0093604,0.0038139,1
0.7955,0.27117,0.0091595,0.0029315,1
0,0.17009,0.010911,0.0021662,1
0.22125,0.45116,0.0065463,0.001916,1
0.26117,0.50187,0.0087286,0.001916,1
0.04477,0.22697,0.026186,0.0018823,2
0.13461,0.3411,0.061099,0.0018823,2
0.087416,0.28113,0.061099,0.0018421,2
0.13999,0.34792,0.039279,0.0018025,2
0.18431,0.40423,0.058917,0.0017909,2
0.14267,0.35135,0.063281,0.0017909,2
0.027161,0.2046,0.063281,0.0017909,2
0.40837,0.68887,0.13966,0.0017136,3
0.65106,0.99716,0.074194,0.0016381,3
0.65435,0.9482,0.014012,0.0014943,1
0.61762,0.89951,0.013136,0.0012238,2
0.58089,0.85082,0.01226,0.00076516,2
0.54419,0.8021,0.011385,0.00021629,2
0.50746,0.75341,0.010509,9.2055e-05,2
0.47072,0.70475,0.0096331,4.3633e-05,2
0.43402,0.65606,0.0087574,5.0207e-05,2
0.39729,0.60734,0.0078816,5.0207e-05,2
0.36056,0.55865,0.0070059,0.00011381,2
0.32383,0.50996,0.0061302,0.00021567,2
0.28712,0.46127,0.0052544,0.00041727,2
0.25039,0.41255,0.0043787,0.00066567,2
0.11776,0.23668,0,0.0014803,3
0.11044,0.22697,0,0.0034719,3
0.067161,0.16958,0,0.0067063,3
0.99476,0.27499,0.019833,0.011115,1
0.94688,0.27018,0.019943,0.011115,1
0.94657,0.26956,0.019674,0.015216,1
0.94627,0.26894,0.019407,0.019784,1
0.94597,0.26833,0.019138,0.02577,1
0.94567,0.26771,0.01887,0.032542,1
0.94534,0.26709,0.018601,0.039913,1
0.94504,0.26647,0.018333,0.047995,2
0.94474,0.26586,0.018064,0.056921,2
0.94442,0.26524,0.017796,0.067488,2
0.94412,0.26462,0.017527,0.080931,2
0.94381,0.26401,0.017259,0.099463,2
0.94349,0.26339,0.01699,0.12581,2
0.94319,0.26277,0.016722,0.14973,2
0.94289,0.26215,0.016453,0.17674,2
0.94256,0.26154,0.016185,0.20686,2
0.94226,0.26092,0.015916,0.23995,2
0.9401,0.2566,0.014037,0.27567,3
0.93978,0.25598,0.013768,0.31355,3
0.93948,0.25536,0.0135,0.35298,3
0.93918,0.25475,0.013232,0.39328,3
0.93885,0.25413,0.012963,0.43676,3
0.93855,0.25351,0.012695,0.48745,3
0.93825,0.25289,0.012426,0.52646,3
0.93795,0.25228,0.012158,0.56381,3
0.93762,0.25166,0.011889,0.59921,3
0.93732,0.25104,0.011621,0.63254,3
0.93702,0.25042,0.011352,0.66377,3
0.9367,0.24981,0.011084,0.69509,3
0.93023,0.23684,0.0054456,0.72901,1
0.92992,0.23623,0.0051773,0.7671,1
0.9296,0.23561,0.0049086,0.80497,1
0.9293,0.23499,0.0046403,0.83798,1
0.929,0.23437,0.0043716,0.86662,1
0.92867,0.23376,0.0041033,0.89213,1
0.071821,0.19327,0,0.91514,1
0.094022,0.22697,0,0.93449,1
0.49324,0.83304,0,0.95059,2
0.34365,0.60594,0,0.96384,2
0.19663,0.38273,0,0.97456,2
0.071821,0.19327,0,0.98306,2
0.10932,0.25019,0,0.98854,2
0.19942,0.38697,0,0.99282,2
0.26657,0.48893,0,0.99601,2
0.41533,0.71477,0,0.99782,2
0.75958,0.75476,0.013617,0.99905,3
0.75202,0.74219,0.013321,0.99963,3
0.74449,0.72962,0.013025,0.99992,3
0.73695,0.71706,0.012729,0.99993,3
0.72941,0.70449,0.012433,0.99969,3
0.72186,0.69192,0.012137,0.99916,3
0.71432,0.67935,0.011841,0.99902,3
0.70678,0.66678,0.011545,0.99902,3
0.69922,0.65422,0.011249,0.99648,3
0.69169,0.64165,0.010953,0.99393,3
0.68415,0.62908,0.010657,0.99137,3
0.54841,0.40288,0.0053283,0.98882,1
0.54087,0.39031,0.0050324,0.98357,1
0.53331,0.37775,0.0047365,0.97812,1
0.52577,0.36521,0.0044403,0.97264,1
0.51824,0.35264,0.0041444,0.96714,1
0.5107,0.34007,0.0038481,0.96161,1
0.049994,0.15869,0.032733,0.95961,1
0.13394,0.27333,0.037097,0.95961,1
0.17759,0.33295,0.037097,0.95676,1
0.17375,0.32771,0.032733,0.9539,1
0.2528,0.43567,0.043643,0.95104,1
0.94653,0.27248,0.019639,0.94817,1
0.94623,0.2718,0.019364,0.94713,1
0.9459,0.27112,0.019088,0.94713,1
0.9456,0.27044,0.018813,0.94613,1
0.94528,0.26976,0.018537,0.94613,1
0.94495,0.26908,0.018261,0.94512,2
0.94465,0.26841,0.017985,0.94412,2
0.94432,0.26773,0.01771,0.94211,2
0.944,0.26705,0.017434,0.93809,2
0.94368,0.26637,0.017159,0.93,2
0.94337,0.26569,0.016883,0.91367,2
0.94305,0.26501,0.016607,0.89051,2
0.94272,0.26433,0.016332,0.87862,2
0.94242,0.26365,0.016056,0.86663,2
0.9421,0.26297,0.015781,0.85456,2
0.9418,0.26229,0.015505,0.84241,2
0.9399,0.25821,0.013851,0.8325,3
0.93957,0.25754,0.013575,0.8325,3
0.93925,0.25686,0.013299,0.8259,3
0.93892,0.25618,0.013024,0.81929,3
0.93862,0.2555,0.012748,0.81268,3
0.9383,0.25482,0.012473,0.80608,3
0.93797,0.25414,0.012197,0.79312,3
0.93767,0.25346,0.011922,0.77548,3
0.93734,0.25278,0.011646,0.75808,3
0.93704,0.2521,0.01137,0.74678,3
0.93672,0.25142,0.011095,0.73765,3
0.93639,0.25074,0.010819,0.72864,3
0.93069,0.23852,0.0058574,0.72225,1
0.93037,0.23784,0.0055817,0.71593,1
0.93006,0.23716,0.005306,0.71142,1
0.92974,0.23648,0.0050306,0.70696,1
0.92944,0.2358,0.0047547,0.70532,1
0.92911,0.23512,0.004479,0.70334,1
0.94688,0.27241,0.01993,0.70288,1
0.94655,0.27175,0.019657,0.70288,1
0.94625,0.27109,0.019386,0.69942,1
0.94592,0.27043,0.019113,0.69625,1
0.94562,0.26977,0.018841,0.69625,1
0.94532,0.26911,0.018569,0.69538,2
0.945,0.26845,0.018297,0.69451,2
0.94467,0.2678,0.018025,0.69365,2
0.94437,0.26714,0.017753,0.69277,2
0.94407,0.26648,0.017481,0.69095,2
0.94374,0.26582,0.017209,0.68989,2
0.94342,0.26516,0.016937,0.68989,2
0.94312,0.2645,0.016665,0.68959,2
0.94282,0.26385,0.016394,0.68959,2
0.94249,0.26319,0.016121,0.68928,2
0.94219,0.26253,0.015849,0.68898,2
0.94029,0.25858,0.014217,0.68838,3
0.93999,0.25792,0.013945,0.68717,3
0.93969,0.25726,0.013673,0.68476,3
0.93936,0.2566,0.013401,0.67994,3
0.93906,0.25594,0.013129,0.67154,3
0.93874,0.25529,0.012857,0.66256,3
0.93843,0.25463,0.012585,0.65359,3
0.93811,0.25397,0.012313,0.64463,3
0.93781,0.25331,0.012041,0.63567,3
0.93748,0.25265,0.011769,0.62445,3
0.93718,0.25199,0.011497,0.60971,3
0.93155,0.24014,0.0066009,0.5922,1
0.93122,0.23948,0.006329,0.58083,1
0.93092,0.23882,0.0060568,0.56948,1
0.93062,0.23816,0.005785,0.55815,1
0.9303,0.2375,0.0055128,0.54885,1
0.92999,0.23685,0.0052409,0.53956,1
0.92967,0.23619,0.0049688,0.53001,1
0.92937,0.23553,0.0046969,0.52046,1
0.92904,0.23487,0.0044247,0.51093,1
0.92874,0.23421,0.0041526,0.50211,1
0.94694,0.2741,0.019984,0.50211,1
0.94664,0.27344,0.019724,0.49261,1
0.94634,0.27279,0.019467,0.48312,1
0.94604,0.27214,0.019209,0.47364,1
0.94574,0.27148,0.01895,0.46736,1
0.94544,0.27082,0.018692,0.46267,1
0.94516,0.27017,0.018434,0.45799,2
0.94486,0.26952,0.018175,0.45055,2
0.94456,0.26886,0.017917,0.44857,2
0.94426,0.26821,0.017658,0.44857,2
0.94398,0.26755,0.0174,0.43675,2
0.94368,0.2669,0.017141,0.42494,2
0.94337,0.26624,0.016883,0.40399,2
0.94307,0.26559,0.016625,0.38859,2
0.94277,0.26494,0.016366,0.37648,2
0.94247,0.26428,0.016108,0.36439,2
0.94219,0.26362,0.015849,0.35231,2
0.94041,0.2597,0.014299,0.34026,3
0.9401,0.25904,0.014041,0.32851,3
0.9398,0.25839,0.013782,0.32851,3
0.9395,0.25773,0.013524,0.32746,3
0.93922,0.25708,0.013265,0.32638,3
0.93892,0.25642,0.013007,0.32529,3
0.93862,0.25577,0.012748,0.32417,3
0.93832,0.25512,0.01249,0.32046,3
0.93802,0.25446,0.012232,0.3134,3
0.93772,0.25381,0.011973,0.30477,3
0.93744,0.25315,0.011715,0.29481,3
0.93714,0.2525,0.011456,0.28332,3
0.93683,0.25184,0.011198,0.27012,3
0.92969,0.23613,0.004996,0.25499,1
0.92941,0.23548,0.0047377,0.23776,1
0.92911,0.23482,0.004479,0.21826,1
0.92881,0.23417,0.0042206,0.19641,1
0.92851,0.23351,0.0039622,0.17799,1
0.6295,1,0.0098877,0.15826,2
0.60499,0.96769,0.0090316,0.14148,2
0.58048,0.93537,0.0081752,0.1241,2
0.55597,0.90306,0.0073191,0.10636,2
0.53146,0.87074,0.0064627,0.091531,2
0.50694,0.83843,0.0056069,0.076873,2
0.48246,0.80609,0.0047506,0.062644,2
0.45792,0.77377,0.0038945,0.049142,2
0.52009,0.85575,0,0.0407,3
